{"acc": 0.9599072933197021, "prec0": 0.9606039524078369, "prec1": 0.8541666865348816, "rec0": 0.9990007281303406, "rec1": 0.125, "auroc": 0.9727146115144235, "auprc": 0.6588605865246782, "minpse": 0.6261398176291794, "brier": 0.025907082694623884}