{"acc": 0.9459975361824036, "prec0": 0.9498379826545715, "prec1": 0.8305084705352783, "rec0": 0.9941011667251587, "rec1": 0.3550724685192108, "auroc": 0.9580592298600736, "auprc": 0.6820956455540635, "minpse": 0.6415770609318996, "brier": 0.038733139526676334}