{"acc": 0.9875903725624084, "prec0": 0.9878547787666321, "prec1": 0.6000000238418579, "rec0": 0.9997237920761108, "rec1": 0.032608695328235626, "auroc": 0.9766591811123854, "auprc": 0.5405780673918452, "minpse": 0.5434782608695652, "brier": 0.007951575010694874}