{"acc": 0.97613525390625, "prec0": 0.9767473936080933, "prec1": 0.7727272510528564, "rec0": 0.9993003010749817, "rec1": 0.09090909361839294, "auroc": 0.9783922346894639, "auprc": 0.5749508425494327, "minpse": 0.5614973262032086, "brier": 0.01598626877561507}