{"acc": 0.9993181228637695, "prec0": 1.0, "prec1": 0.1666666716337204, "rec0": 0.9993180632591248, "rec1": 1.0, "auroc": 0.9993180578286961, "auprc": 0.08333333333333333, "minpse": 0.16666666666666666, "brier": 0.0007061648414468415}