{"acc": 0.7843992710113525, "prec0": 0.7565463781356812, "prec1": 0.8018637895584106, "rec0": 0.7053777575492859, "rec1": 0.840074360370636, "auroc": 0.8685725574610168, "auprc": 0.9070994965948219, "minpse": 0.8166395537996747, "brier": 0.14845941703636978}