{"acc": 0.9143597483634949, "prec0": 0.9256835579872131, "prec1": 0.7439824938774109, "rec0": 0.981950044631958, "rec1": 0.39952996373176575, "auroc": 0.931863107489927, "auprc": 0.670029082730724, "minpse": 0.6333725029377203, "brier": 0.05954838240758665}