{"acc": 0.8789035677909851, "prec0": 0.8926205635070801, "prec1": 0.7731591463088989, "rec0": 0.9680868983268738, "rec1": 0.48293769359588623, "auroc": 0.9164773332936694, "auprc": 0.7362997023691018, "minpse": 0.6728486646884273, "brier": 0.08446223204038762}