{"acc": 0.9965907335281372, "prec0": 0.9968626499176025, "prec1": 0.0, "rec0": 0.999726414680481, "rec1": 0.0, "auroc": 0.9983881520252186, "auprc": 0.5734652140503878, "minpse": 0.6086956521739131, "brier": 0.002468994380321922}