{"acc": 0.8236737847328186, "prec0": 0.8279569745063782, "prec1": 0.8131764531135559, "rec0": 0.9156933426856995, "rec1": 0.6585366129875183, "auroc": 0.8908082246502544, "auprc": 0.8367547638302149, "minpse": 0.7481904761904762, "brier": 0.12597277455081782}