{"acc": 0.9961816668510437, "prec0": 0.9961506724357605, "prec1": 1.0, "rec0": 1.0, "rec1": 0.6781609058380127, "auroc": 0.9983994340119479, "auprc": 0.9619293998669964, "minpse": 0.9195402298850575, "brier": 0.0028628849422887813}