{"acc": 0.9637256264686584, "prec0": 0.9722763895988464, "prec1": 0.5677419304847717, "rec0": 0.9904910326004028, "rec1": 0.30662021040916443, "auroc": 0.9250688111276717, "auprc": 0.4547658264765474, "minpse": 0.47038327526132406, "brier": 0.060781310039095725}