{"acc": 0.9759989380836487, "prec0": 0.9794807434082031, "prec1": 0.8284023404121399, "rec0": 0.9958841800689697, "rec1": 0.4878048896789551, "auroc": 0.9637617804749476, "auprc": 0.7058849461875153, "minpse": 0.6376306620209059, "brier": 0.019522386138489833}