{"acc": 0.939588189125061, "prec0": 0.9399645328521729, "prec1": 0.25, "rec0": 0.9995647072792053, "rec1": 0.0022675737272948027, "auroc": 0.7138540461647997, "auprc": 0.14154091876471192, "minpse": 0.19383259911894274, "brier": 0.08293001084034746}