{"acc": 0.8894040584564209, "prec0": 0.9266337752342224, "prec1": 0.6035503149032593, "rec0": 0.9472191333770752, "rec1": 0.517241358757019, "auroc": 0.8878975580931208, "auprc": 0.6045845157955748, "minpse": 0.5618661257606491, "brier": 0.09939527225993733}