{"acc": 0.9195417761802673, "prec0": 0.9455981254577637, "prec1": 0.5595959424972534, "rec0": 0.9673848152160645, "rec1": 0.42681047320365906, "auroc": 0.9003722063774402, "auprc": 0.5372983944327863, "minpse": 0.5069337442218799, "brier": 0.08327964461816573}