{"acc": 0.8358107209205627, "prec0": 0.857093095779419, "prec1": 0.758816123008728, "rec0": 0.9278311729431152, "rec1": 0.5947679877281189, "auroc": 0.8863878306343891, "auprc": 0.776310916041917, "minpse": 0.6921558954119388, "brier": 0.11579481209247154}