{"acc": 0.967953085899353, "prec0": 0.9722222089767456, "prec1": 0.8195121884346008, "rec0": 0.9946892261505127, "rec1": 0.4590163826942444, "auroc": 0.9549158758581635, "auprc": 0.6939081043881735, "minpse": 0.6284153005464481, "brier": 0.025290771454571866}