{"acc": 0.8130369782447815, "prec0": 0.8603075742721558, "prec1": 0.675040066242218, "rec0": 0.8854343295097351, "rec1": 0.6233958601951599, "auroc": 0.8625325079599276, "auprc": 0.7324304243026398, "minpse": 0.6584524396254312, "brier": 0.13513240464302556}