{"acc": 0.8613118529319763, "prec0": 0.9063004851341248, "prec1": 0.6176728010177612, "rec0": 0.9277327656745911, "rec1": 0.5489891171455383, "auroc": 0.8748435338423407, "auprc": 0.6423534633723439, "minpse": 0.5992395437262358, "brier": 0.11296516373492543}