{"acc": 0.9387699365615845, "prec0": 0.9473382234573364, "prec1": 0.7747252583503723, "rec0": 0.9877318739891052, "rec1": 0.4345146417617798, "auroc": 0.9319671012532286, "auprc": 0.6808294641856806, "minpse": 0.6217457886676876, "brier": 0.04594659617585928}