{"acc": 0.9554070830345154, "prec0": 0.967869222164154, "prec1": 0.5822784900665283, "rec0": 0.9857901334762573, "rec1": 0.37704917788505554, "auroc": 0.9165288193129044, "auprc": 0.48858872654067714, "minpse": 0.49453551912568305, "brier": 0.06564617304173588}