{"acc": 0.9114959836006165, "prec0": 0.9117205739021301, "prec1": 0.5, "rec0": 0.9997007846832275, "rec1": 0.0030816642101854086, "auroc": 0.6646468027504451, "auprc": 0.17517476135435817, "minpse": 0.22666666666666666, "brier": 0.1025323270972623}