{"acc": 0.935906171798706, "prec0": 0.9565342664718628, "prec1": 0.5636363625526428, "rec0": 0.9753448963165283, "rec1": 0.41811174154281616, "auroc": 0.9064896990385317, "auprc": 0.5271895997571443, "minpse": 0.5067437379576107, "brier": 0.07499248644375822}