{"acc": 0.9030410647392273, "prec0": 0.9363133311271667, "prec1": 0.5574533939361572, "rec0": 0.9564752578735352, "rec1": 0.4573248326778412, "auroc": 0.8964330042916786, "auprc": 0.5688647771621108, "minpse": 0.5363057324840764, "brier": 0.09010499261112113}