{"acc": 0.8414018750190735, "prec0": 0.8571673035621643, "prec1": 0.7794216275215149, "rec0": 0.9385652542114258, "rec1": 0.5812437534332275, "auroc": 0.8941128968475007, "auprc": 0.7764206804695815, "minpse": 0.7011033099297894, "brier": 0.11278838450015398}