{"acc": 0.9814537167549133, "prec0": 0.9835164546966553, "prec1": 0.698113203048706, "rec0": 0.997770369052887, "rec1": 0.23566879332065582, "auroc": 0.9800973166038245, "auprc": 0.5643661329084914, "minpse": 0.5818181818181818, "brier": 0.012541315221126533}