{"acc": 0.9349516034126282, "prec0": 0.9434987902641296, "prec1": 0.7602339386940002, "rec0": 0.9877208471298218, "rec1": 0.39694657921791077, "auroc": 0.9454328786101794, "auprc": 0.6544394095462381, "minpse": 0.6115326251896813, "brier": 0.04705897640500831}