{"acc": 0.9230874180793762, "prec0": 0.9274574518203735, "prec1": 0.8343023061752319, "rec0": 0.9912830591201782, "rec1": 0.36146095395088196, "auroc": 0.9414751560391574, "auprc": 0.6893528876983036, "minpse": 0.6423173803526449, "brier": 0.05505272742766176}