{"acc": 0.8859947919845581, "prec0": 0.8975023031234741, "prec1": 0.7874836921691895, "rec0": 0.973084568977356, "rec1": 0.47298356890678406, "auroc": 0.9165261526716452, "auprc": 0.7245449966939963, "minpse": 0.6687548942834769, "brier": 0.08152140884576321}