{"acc": 0.904813826084137, "prec0": 0.9133108854293823, "prec1": 0.7896825671195984, "rec0": 0.9832886457443237, "rec1": 0.4020202159881592, "auroc": 0.9340833846903529, "auprc": 0.7068733697963133, "minpse": 0.6808080808080809, "brier": 0.0656954891144097}