{"acc": 0.9513159394264221, "prec0": 0.9513328671455383, "prec1": 0.9444444179534912, "rec0": 0.9998562932014465, "rec1": 0.04557640850543976, "auroc": 0.9659617577270346, "auprc": 0.6371207348589774, "minpse": 0.6166219839142091, "brier": 0.030706808472679502}