{"acc": 0.9442247152328491, "prec0": 0.9485345482826233, "prec1": 0.7920792102813721, "rec0": 0.9938289523124695, "rec1": 0.303605318069458, "auroc": 0.9487590757346042, "auprc": 0.6463513887034131, "minpse": 0.5984990619136961, "brier": 0.03964675861449466}