{"acc": 0.9732714891433716, "prec0": 0.9739440679550171, "prec1": 0.8536585569381714, "rec0": 0.9991558790206909, "rec1": 0.15555556118488312, "auroc": 0.9790614643906709, "auprc": 0.618458320233527, "minpse": 0.5955555555555555, "brier": 0.018115938671014655}