{"acc": 0.987999439239502, "prec0": 0.9882577657699585, "prec1": 0.7777777910232544, "rec0": 0.9997237324714661, "rec1": 0.07526881992816925, "auroc": 0.9927181726370818, "auprc": 0.5495214651388903, "minpse": 0.6129032258064516, "brier": 0.008231887132679994}