{"acc": 0.9254056811332703, "prec0": 0.9498764872550964, "prec1": 0.551111102104187, "rec0": 0.9700296521186829, "rec1": 0.4182124733924866, "auroc": 0.9021069250053794, "auprc": 0.5250511610927688, "minpse": 0.4974704890387858, "brier": 0.080084720082539}