{"acc": 0.9956361651420593, "prec0": 0.9957329630851746, "prec1": 0.9852941036224365, "rec0": 0.9998617768287659, "rec1": 0.6836734414100647, "auroc": 0.9974401647320987, "auprc": 0.9393948725965926, "minpse": 0.8571428571428571, "brier": 0.0036534017199370654}