{"acc": 0.926496684551239, "prec0": 0.9384232759475708, "prec1": 0.7620967626571655, "rec0": 0.9819406270980835, "rec1": 0.47309136390686035, "auroc": 0.9258106149675157, "auprc": 0.6898045735105746, "minpse": 0.6184538653366584, "brier": 0.05538840014179795}