{"acc": 0.8804036378860474, "prec0": 0.8997837901115417, "prec1": 0.7339556813240051, "rec0": 0.9623451828956604, "rec1": 0.49217528104782104, "auroc": 0.8995654078614267, "auprc": 0.7084932659270674, "minpse": 0.6411258795934324, "brier": 0.0855018614264215}