{"acc": 0.9701350331306458, "prec0": 0.9755288362503052, "prec1": 0.5799999833106995, "rec0": 0.9940828680992126, "rec1": 0.2468085139989853, "auroc": 0.9361156573922531, "auprc": 0.4379222672402828, "minpse": 0.44680851063829785, "brier": 0.05703406578622985}