{"acc": 0.981044590473175, "prec0": 0.9837341904640198, "prec1": 0.8428571224212646, "rec0": 0.9969005584716797, "rec1": 0.5021276473999023, "auroc": 0.9766155284976888, "auprc": 0.7583482559932662, "minpse": 0.6808510638297872, "brier": 0.014523478572188976}