{"acc": 0.9509068727493286, "prec0": 0.9577584862709045, "prec1": 0.7913907170295715, "rec0": 0.9907311797142029, "rec1": 0.4458955228328705, "auroc": 0.9394959145716175, "auprc": 0.6847890593063307, "minpse": 0.621268656716418, "brier": 0.03783563440668239}