{"acc": 0.9431337714195251, "prec0": 0.951320469379425, "prec1": 0.7682926654815674, "rec0": 0.9887240529060364, "rec1": 0.42495784163475037, "auroc": 0.9332907161193149, "auprc": 0.6710567203610309, "minpse": 0.6104553119730185, "brier": 0.042678547737401214}