{"acc": 0.9180417060852051, "prec0": 0.9182698726654053, "prec1": 0.5, "rec0": 0.9997029304504395, "rec1": 0.003327786922454834, "auroc": 0.680373520859965, "auprc": 0.16955172675405908, "minpse": 0.21266233766233766, "brier": 0.09798683441157104}