{"acc": 0.9394518136978149, "prec0": 0.9472776651382446, "prec1": 0.7930107712745667, "rec0": 0.9884575009346008, "rec1": 0.4456193447113037, "auroc": 0.9308552914925541, "auprc": 0.6861602380370067, "minpse": 0.6138763197586727, "brier": 0.04650497689921217}