{"acc": 0.8411291241645813, "prec0": 0.8623980283737183, "prec1": 0.7630573511123657, "rec0": 0.9303631782531738, "rec1": 0.6017076969146729, "auroc": 0.8884706939370184, "auprc": 0.7760798939959417, "minpse": 0.6932730923694779, "brier": 0.11362431487675156}