{"acc": 0.9946815967559814, "prec0": 0.994952917098999, "prec1": 0.0, "rec0": 0.999725878238678, "rec1": 0.0, "auroc": 0.9626711415362731, "auprc": 0.4791413284405759, "minpse": 0.5675675675675675, "brier": 0.0038431856083370373}