{"acc": 0.9946815967559814, "prec0": 0.9952231645584106, "prec1": 0.3333333432674408, "rec0": 0.999451756477356, "rec1": 0.054054055362939835, "auroc": 0.9944842045993362, "auprc": 0.47066106729553286, "minpse": 0.5789473684210527, "brier": 0.003805765586104752}