{"acc": 0.9944088459014893, "prec0": 0.9952218532562256, "prec1": 0.25, "rec0": 0.9991776347160339, "rec1": 0.054054055362939835, "auroc": 0.9887128082029397, "auprc": 0.3988599088658155, "minpse": 0.4473684210526316, "brier": 0.004198091044570511}