{"acc": 0.9629074335098267, "prec0": 0.9634885787963867, "prec1": 0.9066666960716248, "rec0": 0.9990000128746033, "rec1": 0.20420420169830322, "auroc": 0.9677121407121407, "auprc": 0.6623680897299185, "minpse": 0.6156156156156156, "brier": 0.025524390098069713}