{"acc": 0.8352652192115784, "prec0": 0.8432049751281738, "prec1": 0.8054474592208862, "rec0": 0.9421184659004211, "rec1": 0.577674388885498, "auroc": 0.8906538818767975, "auprc": 0.795066325507564, "minpse": 0.7148837209302326, "brier": 0.11815136629700093}