{"acc": 0.9267693758010864, "prec0": 0.9294100999832153, "prec1": 0.8560606241226196, "rec0": 0.9942494034767151, "rec1": 0.31172412633895874, "auroc": 0.9423002421307505, "auprc": 0.6883294754662462, "minpse": 0.6346153846153846, "brier": 0.05160463100403666}