{"acc": 0.9076776504516602, "prec0": 0.9171537160873413, "prec1": 0.7750511169433594, "rec0": 0.9827775359153748, "rec1": 0.4006342589855194, "auroc": 0.9337354781498227, "auprc": 0.6987945705526166, "minpse": 0.6515311510031679, "brier": 0.06365874831408502}