{"acc": 0.9740897417068481, "prec0": 0.9744639992713928, "prec1": 0.699999988079071, "rec0": 0.9995797872543335, "rec1": 0.036082472652196884, "auroc": 0.9709281671896638, "auprc": 0.6585216101355529, "minpse": 0.5851528384279476, "brier": 0.01669258041818146}