{"acc": 0.8963589072227478, "prec0": 0.8966693878173828, "prec1": 0.5714285969734192, "rec0": 0.9995435476303101, "rec1": 0.005256241653114557, "auroc": 0.7747593021963125, "auprc": 0.3269537897831949, "minpse": 0.34782608695652173, "brier": 0.08572409854136946}