{"acc": 0.9734078645706177, "prec0": 0.9737991094589233, "prec1": 0.4000000059604645, "rec0": 0.9995797872543335, "rec1": 0.010309278033673763, "auroc": 0.9715971366806117, "auprc": 0.5506675990216827, "minpse": 0.56, "brier": 0.017883842852545576}