{"acc": 0.9804990887641907, "prec0": 0.9808899760246277, "prec1": 0.5714285969734192, "rec0": 0.9995827078819275, "rec1": 0.02777777798473835, "auroc": 0.9866655847668506, "auprc": 0.6070782209463607, "minpse": 0.6, "brier": 0.012683934027852345}