{"acc": 0.9944088459014893, "prec0": 0.9948151111602783, "prec1": 0.25, "rec0": 0.9995887279510498, "rec1": 0.025641025975346565, "auroc": 0.9724747421484466, "auprc": 0.5328320112584861, "minpse": 0.6, "brier": 0.003917616977819533}