{"acc": 0.9614073634147644, "prec0": 0.9629220962524414, "prec1": 0.8205128312110901, "rec0": 0.9980000257492065, "rec1": 0.1921921968460083, "auroc": 0.9673895323895323, "auprc": 0.6206108939882716, "minpse": 0.6006006006006006, "brier": 0.026121157931066945}