{"acc": 0.9443610906600952, "prec0": 0.9455376863479614, "prec1": 0.8717948794364929, "rec0": 0.9978063702583313, "rec1": 0.20606060326099396, "auroc": 0.9506874831969888, "auprc": 0.6393476485290861, "minpse": 0.6161616161616161, "brier": 0.0387245067220683}