{"acc": 0.987999439239502, "prec0": 0.9882658123970032, "prec1": 0.5, "rec0": 0.9997239708900452, "rec1": 0.022727273404598236, "auroc": 0.994698538176799, "auprc": 0.6163025596846675, "minpse": 0.625, "brier": 0.008037077476834888}