{"acc": 0.9807718396186829, "prec0": 0.9811578392982483, "prec1": 0.6666666865348816, "rec0": 0.9995827078819275, "rec1": 0.0416666679084301, "auroc": 0.9781601134449236, "auprc": 0.5461909741059814, "minpse": 0.5342465753424658, "brier": 0.013213557631424469}