{"acc": 0.966862142086029, "prec0": 0.967305064201355, "prec1": 0.8260869383811951, "rec0": 0.9994346499443054, "rec1": 0.07364340871572495, "auroc": 0.9742172733996219, "auprc": 0.6748060602170276, "minpse": 0.6472868217054264, "brier": 0.021077043785478984}