{"acc": 0.9439520239830017, "prec0": 0.945144772529602, "prec1": 0.8684210777282715, "rec0": 0.9978063702583313, "rec1": 0.20000000298023224, "auroc": 0.9572032108153783, "auprc": 0.6482068782712903, "minpse": 0.6121212121212121, "brier": 0.03806289817010868}