{"acc": 0.9676803350448608, "prec0": 0.9682278633117676, "prec1": 0.8387096524238586, "rec0": 0.9992932677268982, "rec1": 0.10077519714832306, "auroc": 0.9693456049524747, "auprc": 0.5808618713121237, "minpse": 0.5775193798449613, "brier": 0.02214600946289757}