{"acc": 0.950088620185852, "prec0": 0.9522165656089783, "prec1": 0.782608687877655, "rec0": 0.997107744216919, "rec1": 0.17224881052970886, "auroc": 0.9419651475365598, "auprc": 0.5623768110145636, "minpse": 0.5595238095238095, "brier": 0.0357737541403296}