{"acc": 0.9945452213287354, "prec0": 0.9946808218955994, "prec1": 0.0, "rec0": 0.9998629093170166, "rec1": 0.0, "auroc": 0.9823880534053278, "auprc": 0.4787080486391625, "minpse": 0.525, "brier": 0.003909317311559844}