{"acc": 0.9247238636016846, "prec0": 0.9286523461341858, "prec1": 0.821561336517334, "rec0": 0.9927361011505127, "rec1": 0.30482760071754456, "auroc": 0.9445783585204975, "auprc": 0.6657524132338073, "minpse": 0.6239669421487604, "brier": 0.05228388029305852}