{"acc": 0.83362877368927, "prec0": 0.8428794145584106, "prec1": 0.799227774143219, "rec0": 0.9398031830787659, "rec1": 0.577674388885498, "auroc": 0.8915361041688166, "auprc": 0.7919023434179298, "minpse": 0.706046511627907, "brier": 0.11747450882852321}