{"acc": 0.9383608102798462, "prec0": 0.9412669539451599, "prec1": 0.8241758346557617, "rec0": 0.9952683448791504, "rec1": 0.2631579041481018, "auroc": 0.9501433237092436, "auprc": 0.6507860183184945, "minpse": 0.6073298429319371, "brier": 0.042617141715219534}