{"acc": 0.9494068026542664, "prec0": 0.9500687718391418, "prec1": 0.8730158805847168, "rec0": 0.9988430738449097, "rec1": 0.1315789520740509, "auroc": 0.9612710043695315, "auprc": 0.6238788304813899, "minpse": 0.6220095693779905, "brier": 0.033831923160371126}