{"acc": 0.9277240037918091, "prec0": 0.9361366033554077, "prec1": 0.767123281955719, "rec0": 0.9871367812156677, "rec1": 0.38620689511299133, "auroc": 0.937749227686399, "auprc": 0.6623290125955261, "minpse": 0.6151724137931035, "brier": 0.051644390062142324}