{"acc": 0.9383608102798462, "prec0": 0.9389345049858093, "prec1": 0.9097222089767456, "rec0": 0.9980777502059937, "rec1": 0.22982455790042877, "auroc": 0.9518676181804504, "auprc": 0.6798041543450541, "minpse": 0.6228070175438597, "brier": 0.04262839586568242}