{"acc": 0.9410882592201233, "prec0": 0.9457823038101196, "prec1": 0.7974137663841248, "rec0": 0.9930503964424133, "rec1": 0.3245614171028137, "auroc": 0.9499731511241506, "auprc": 0.6335185911283948, "minpse": 0.6087719298245614, "brier": 0.04249808439764606}