{"acc": 0.8853129744529724, "prec0": 0.9006000757217407, "prec1": 0.7661870718002319, "rec0": 0.9677579402923584, "rec1": 0.49727627635002136, "auroc": 0.9168447491404689, "auprc": 0.7271824000143496, "minpse": 0.6739299610894942, "brier": 0.08138512335630614}