{"acc": 0.9882721900939941, "prec0": 0.9886689186096191, "prec1": 0.625, "rec0": 0.9995859265327454, "rec1": 0.05681818351149559, "auroc": 0.9904589371980677, "auprc": 0.5019671301437073, "minpse": 0.5319148936170213, "brier": 0.008220432312149955}