{"acc": 0.89663165807724, "prec0": 0.8966975808143616, "prec1": 0.800000011920929, "rec0": 0.9998478293418884, "rec1": 0.005256241653114557, "auroc": 0.773938814210408, "auprc": 0.34851143988471084, "minpse": 0.3563968668407311, "brier": 0.0851574129513583}