{"acc": 0.9484521746635437, "prec0": 0.9520010948181152, "prec1": 0.8128342032432556, "rec0": 0.9948815703392029, "rec1": 0.30707070231437683, "auroc": 0.9531431601773808, "auprc": 0.6444572011255969, "minpse": 0.604040404040404, "brier": 0.03709864948437174}