{"acc": 0.9719077944755554, "prec0": 0.9761541485786438, "prec1": 0.7166666388511658, "rec0": 0.9951943755149841, "rec1": 0.3333333432674408, "auroc": 0.9738970608376475, "auprc": 0.5773722026625564, "minpse": 0.5503875968992248, "brier": 0.020431628797026185}