{"acc": 0.8817673325538635, "prec0": 0.8970115184783936, "prec1": 0.7586633563041687, "rec0": 0.9677579402923584, "rec1": 0.4770427942276001, "auroc": 0.9113413702056699, "auprc": 0.7129738148141047, "minpse": 0.6622568093385214, "brier": 0.08344943832839692}