{"acc": 0.8613118529319763, "prec0": 0.9058671593666077, "prec1": 0.6164747476577759, "rec0": 0.9284652471542358, "rec1": 0.543749988079071, "auroc": 0.8736788575912772, "auprc": 0.640259695453738, "minpse": 0.5942591155934833, "brier": 0.11308361780225247}