{"acc": 0.9946815967559814, "prec0": 0.994903564453125, "prec1": 0.9726027250289917, "rec0": 0.9997231960296631, "rec1": 0.6574074029922485, "auroc": 0.9964449570677945, "auprc": 0.9088525810309467, "minpse": 0.8333333333333334, "brier": 0.004496649940794329}