{"acc": 0.9927724003791809, "prec0": 0.9927724003791809, "prec1": NaN, "rec0": 1.0, "rec1": 0.0, "auroc": 0.9834905660377358, "auprc": 0.3868328053973784, "minpse": 0.41509433962264153, "brier": 0.04268678704670931}