{"acc": 0.8910405039787292, "prec0": 0.9275628924369812, "prec1": 0.5997552275657654, "rec0": 0.948673665523529, "rec1": 0.5093554854393005, "auroc": 0.8894421871976416, "auprc": 0.6021556977502172, "minpse": 0.5604963805584281, "brier": 0.09817753031129822}