{"acc": 0.9432701468467712, "prec0": 0.9602224230766296, "prec1": 0.5705329179763794, "rec0": 0.9800640344619751, "rec1": 0.39479392766952515, "auroc": 0.9052210359117068, "auprc": 0.5044777738398186, "minpse": 0.487012987012987, "brier": 0.07192745656606389}