{"acc": 0.9544524550437927, "prec0": 0.9547066688537598, "prec1": 0.3333333432674408, "rec0": 0.9997143149375916, "rec1": 0.0030030030757188797, "auroc": 0.7404247104247104, "auprc": 0.13298028289907443, "minpse": 0.2012012012012012, "brier": 0.07225735675343373}