{"acc": 0.9620891809463501, "prec0": 0.9712571501731873, "prec1": 0.5662650465965271, "rec0": 0.989762544631958, "rec1": 0.31333333253860474, "auroc": 0.9214953315323001, "auprc": 0.4637034291337805, "minpse": 0.48333333333333334, "brier": 0.06154883164583037}