{"acc": 0.9162689447402954, "prec0": 0.9165074825286865, "prec1": 0.3333333432674408, "rec0": 0.9997023940086365, "rec1": 0.0016313213855028152, "auroc": 0.6724418356249514, "auprc": 0.168965621717662, "minpse": 0.21356421356421357, "brier": 0.09929073597759099}