{"acc": 0.9176326394081116, "prec0": 0.9181022644042969, "prec1": 0.7368420958518982, "rec0": 0.9992559552192688, "rec1": 0.022838499397039413, "auroc": 0.7481111143478598, "auprc": 0.2506234703711914, "minpse": 0.28044871794871795, "brier": 0.0702031983085354}