{"acc": 0.8073094487190247, "prec0": 0.8539304733276367, "prec1": 0.6787909865379333, "rec0": 0.8799310326576233, "rec1": 0.6276646256446838, "auroc": 0.859910363562242, "auprc": 0.737913435638959, "minpse": 0.6631927996210327, "brier": 0.137962180210286}