{"acc": 0.9089049696922302, "prec0": 0.9243935346603394, "prec1": 0.7394136786460876, "rec0": 0.9748861789703369, "rec1": 0.4719334840774536, "auroc": 0.9160458104893828, "auprc": 0.6875626173182167, "minpse": 0.6207253886010363, "brier": 0.06676315992623653}