{"acc": 0.9431337714195251, "prec0": 0.9513799548149109, "prec1": 0.7735294103622437, "rec0": 0.9885587096214294, "rec1": 0.4361525774002075, "auroc": 0.936258036218117, "auprc": 0.6794911049062206, "minpse": 0.6252072968490879, "brier": 0.04277353962274953}