{"acc": 0.9564980268478394, "prec0": 0.962325394153595, "prec1": 0.7886179089546204, "rec0": 0.9924330711364746, "rec1": 0.4208242893218994, "auroc": 0.9422122909401286, "auprc": 0.6714259134871089, "minpse": 0.6198704103671706, "brier": 0.033262691664607116}