{"acc": 0.909723162651062, "prec0": 0.9396321773529053, "prec1": 0.5685279369354248, "rec0": 0.9613050222396851, "rec1": 0.45222073793411255, "auroc": 0.8973874523371397, "auprc": 0.564019517522495, "minpse": 0.5232403718459495, "brier": 0.08778573462638703}