{"acc": 0.9859539270401001, "prec0": 0.9863425493240356, "prec1": 0.7272727489471436, "rec0": 0.9995847940444946, "rec1": 0.07407407462596893, "auroc": 0.9655568371139305, "auprc": 0.3837382972764999, "minpse": 0.4, "brier": 0.04742020469991149}