{"acc": 0.9875903725624084, "prec0": 0.9881293773651123, "prec1": 0.0, "rec0": 0.9994479417800903, "rec1": 0.0, "auroc": 0.991492730035755, "auprc": 0.5472965085848737, "minpse": 0.5777777777777777, "brier": 0.008359114006605129}