{"acc": 0.9394518136978149, "prec0": 0.9399563074111938, "prec1": 0.20000000298023224, "rec0": 0.999419629573822, "rec1": 0.0022675737272948027, "auroc": 0.8335820689273968, "auprc": 0.31461462355289466, "minpse": 0.35412026726057905, "brier": 0.05180828776947805}