{"acc": 0.9060412049293518, "prec0": 0.9162742495536804, "prec1": 0.7765362858772278, "rec0": 0.9810934066772461, "rec1": 0.4229208827018738, "auroc": 0.9330040769289031, "auprc": 0.6994541927203167, "minpse": 0.6583912611717975, "brier": 0.0655033693853189}