{"acc": 0.9322242140769958, "prec0": 0.9363803267478943, "prec1": 0.811475396156311, "rec0": 0.9931178689002991, "rec1": 0.3050847351551056, "auroc": 0.9452801760107848, "auprc": 0.6472863182499347, "minpse": 0.6094224924012158, "brier": 0.048121406219957336}