{"acc": 0.9725896716117859, "prec0": 0.9728067517280579, "prec1": 0.8666666746139526, "rec0": 0.9997191429138184, "rec1": 0.06132075563073158, "auroc": 0.9714738893466838, "auprc": 0.6428439816998556, "minpse": 0.6126126126126126, "brier": 0.01775862525890584}