{"acc": 0.987999439239502, "prec0": 0.988667368888855, "prec1": 0.4444444477558136, "rec0": 0.9993099570274353, "rec1": 0.04597701132297516, "auroc": 0.992594408012665, "auprc": 0.6072846707073803, "minpse": 0.5862068965517241, "brier": 0.00806882165232114}