{"acc": 0.9758625626564026, "prec0": 0.9769230484962463, "prec1": 0.8301886916160583, "rec0": 0.9987361431121826, "rec1": 0.2075471729040146, "auroc": 0.9807591418419609, "auprc": 0.6060883093167729, "minpse": 0.6, "brier": 0.016871627144362793}