{"acc": 0.7954452633857727, "prec0": 0.7901055812835693, "prec1": 0.8057553768157959, "rec0": 0.887055516242981, "rec1": 0.6653465628623962, "auroc": 0.8742812405804838, "auprc": 0.8436318734455197, "minpse": 0.7477774119196575, "brier": 0.14162558295905783}