{"acc": 0.7985817790031433, "prec0": 0.7906211614608765, "prec1": 0.8142452239990234, "rec0": 0.8933302164077759, "rec1": 0.6640263795852661, "auroc": 0.8744172267563732, "auprc": 0.8415923018385798, "minpse": 0.7491749174917491, "brier": 0.14316711677422678}