{"acc": 0.9314059615135193, "prec0": 0.935957133769989, "prec1": 0.7991803288459778, "rec0": 0.9926690459251404, "rec1": 0.3004622459411621, "auroc": 0.9428711851497354, "auprc": 0.6426245010533931, "minpse": 0.6110260336906586, "brier": 0.04837901843815931}