{"acc": 0.959770917892456, "prec0": 0.9614107608795166, "prec1": 0.844660222530365, "rec0": 0.9977034330368042, "rec1": 0.23770491778850555, "auroc": 0.965854837912689, "auprc": 0.6489846893140835, "minpse": 0.6042780748663101, "brier": 0.028150437147698548}