{"acc": 0.9637256264686584, "prec0": 0.9640021920204163, "prec1": 0.8888888955116272, "rec0": 0.9995742440223694, "rec1": 0.08362369239330292, "auroc": 0.9675403347440069, "auprc": 0.5834290650217998, "minpse": 0.5729166666666666, "brier": 0.024743131681372273}