{"acc": 0.9112232327461243, "prec0": 0.9119213223457336, "prec1": 0.4000000059604645, "rec0": 0.9991023540496826, "rec1": 0.006163328420370817, "auroc": 0.7969727860106097, "auprc": 0.33178832114311985, "minpse": 0.3667180277349769, "brier": 0.07420006754984262}