{"acc": 0.8823128342628479, "prec0": 0.8945205211639404, "prec1": 0.7771952748298645, "rec0": 0.9718868732452393, "rec1": 0.46111974120140076, "auroc": 0.9173759670553704, "auprc": 0.7296913605334306, "minpse": 0.6796267496111975, "brier": 0.08194781483551797}