{"acc": 0.9316787123680115, "prec0": 0.9372082948684692, "prec1": 0.7824427485466003, "rec0": 0.9914721846580505, "rec1": 0.31587058305740356, "auroc": 0.9447059371366342, "auprc": 0.6438168073854619, "minpse": 0.600924499229584, "brier": 0.04822243220744695}