{"acc": 0.9213145971298218, "prec0": 0.9260739088058472, "prec1": 0.8190184235572815, "rec0": 0.990989625453949, "rec1": 0.3401273787021637, "auroc": 0.9395892750837519, "auprc": 0.6784631698908211, "minpse": 0.6311787072243346, "brier": 0.0558500769821608}