{"acc": 0.8836765289306641, "prec0": 0.8914681673049927, "prec1": 0.80972820520401, "rec0": 0.9780056476593018, "rec1": 0.44012442231178284, "auroc": 0.9195912475139659, "auprc": 0.7397203950309493, "minpse": 0.6868686868686869, "brier": 0.08147651538621459}