{"acc": 0.8371744155883789, "prec0": 0.8501617312431335, "prec1": 0.784931480884552, "rec0": 0.9408328533172607, "rec1": 0.5656465888023376, "auroc": 0.8963592014941988, "auprc": 0.7860271742813948, "minpse": 0.7113300492610838, "brier": 0.1121451434337285}