{"acc": 0.9646801948547363, "prec0": 0.9650541543960571, "prec1": 0.8888888955116272, "rec0": 0.9994323253631592, "rec1": 0.11149825900793076, "auroc": 0.9679161626781103, "auprc": 0.6050836575224229, "minpse": 0.5902777777777778, "brier": 0.02417972036649842}