{"acc": 0.8397654294967651, "prec0": 0.8488686084747314, "prec1": 0.8015591502189636, "rec0": 0.9472395181655884, "rec1": 0.5582428574562073, "auroc": 0.8946431457939569, "auprc": 0.7835880320314768, "minpse": 0.7064039408866996, "brier": 0.11378681805328113}