{"acc": 0.9424519538879395, "prec0": 0.946119487285614, "prec1": 0.7869822382926941, "rec0": 0.9947167634963989, "rec1": 0.25626203417778015, "auroc": 0.9456123712203086, "auprc": 0.6161420930013192, "minpse": 0.5741811175337187, "brier": 0.04069938148777863}