{"acc": 0.9042683839797974, "prec0": 0.9133108854293823, "prec1": 0.7817460298538208, "rec0": 0.9826689958572388, "rec1": 0.3995943069458008, "auroc": 0.9338447417779909, "auprc": 0.7059406724285807, "minpse": 0.6646403242147924, "brier": 0.06553095829428551}