{"acc": 0.9560889005661011, "prec0": 0.9573296904563904, "prec1": 0.8235294222831726, "rec0": 0.9982776045799255, "rec1": 0.1530054658651352, "auroc": 0.9679488235326414, "auprc": 0.6395131236814818, "minpse": 0.6130790190735694, "brier": 0.029066096994573545}