{"acc": 0.9884085655212402, "prec0": 0.9888054728507996, "prec1": 0.625, "rec0": 0.9995859861373901, "rec1": 0.05747126415371895, "auroc": 0.9934137264792942, "auprc": 0.6346504701069102, "minpse": 0.6263736263736264, "brier": 0.007751285302304928}