{"acc": 0.9117687344551086, "prec0": 0.9117446541786194, "prec1": 1.0, "rec0": 1.0, "rec1": 0.0030816642101854086, "auroc": 0.8020396199465365, "auprc": 0.3503210385053116, "minpse": 0.3667180277349769, "brier": 0.07352473787882974}