{"acc": 0.9725896716117859, "prec0": 0.9728067517280579, "prec1": 0.8666666746139526, "rec0": 0.9997191429138184, "rec1": 0.06132075563073158, "auroc": 0.9789017601407476, "auprc": 0.6299531730146511, "minpse": 0.6084905660377359, "brier": 0.017683226389516315}