{"acc": 0.9394518136978149, "prec0": 0.9401966333389282, "prec1": 0.3333333432674408, "rec0": 0.9991294145584106, "rec1": 0.006802720949053764, "auroc": 0.8290112233711437, "auprc": 0.2954887641677727, "minpse": 0.35214446952595935, "brier": 0.05209639941548677}