{"acc": 0.9562252759933472, "prec0": 0.9572097063064575, "prec1": 0.8461538553237915, "rec0": 0.9985646605491638, "rec1": 0.15027321875095367, "auroc": 0.9668660453143273, "auprc": 0.6354284844860961, "minpse": 0.6205962059620597, "brier": 0.029205946703285215}