{"acc": 0.8619937300682068, "prec0": 0.907664954662323, "prec1": 0.6161879897117615, "rec0": 0.927155613899231, "rec1": 0.5535574555397034, "auroc": 0.8760940433673173, "auprc": 0.6439985144965513, "minpse": 0.6004691164972635, "brier": 0.11237730603664031}