{"acc": 0.9155870676040649, "prec0": 0.9441085457801819, "prec1": 0.5652173757553101, "rec0": 0.9638662934303284, "rec1": 0.45151954889297485, "auroc": 0.9019836491981257, "auprc": 0.5646132265153779, "minpse": 0.5224312590448625, "brier": 0.08439116349454827}