{"acc": 0.9544524550437927, "prec0": 0.9667605757713318, "prec1": 0.5793991684913635, "rec0": 0.9859235882759094, "rec1": 0.3638814091682434, "auroc": 0.9163166082181978, "auprc": 0.48207505480006974, "minpse": 0.4946524064171123, "brier": 0.06624098788827143}