{"acc": 0.9719077944755554, "prec0": 0.9765452742576599, "prec1": 0.5764706134796143, "rec0": 0.9949395656585693, "rec1": 0.22374428808689117, "auroc": 0.9395230704649522, "auprc": 0.40998322885846883, "minpse": 0.4429223744292237, "brier": 0.05606798982507531}