{"acc": 0.8940406441688538, "prec0": 0.9308022260665894, "prec1": 0.5942571759223938, "rec0": 0.9492583870887756, "rec1": 0.5129310488700867, "auroc": 0.8919834652345958, "auprc": 0.6011553583470066, "minpse": 0.5565123789020452, "brier": 0.09620572964688114}