{"acc": 0.9968634843826294, "prec0": 0.9968634843826294, "prec1": NaN, "rec0": 1.0, "rec1": 0.0, "auroc": 0.9924879557485279, "auprc": 0.3611988705167488, "minpse": 0.34782608695652173, "brier": 0.03999442443256148}