{"acc": 0.9844538569450378, "prec0": 0.9849726557731628, "prec1": 0.692307710647583, "rec0": 0.9994454979896545, "rec1": 0.07563025504350662, "auroc": 0.9652112023073716, "auprc": 0.378580357329388, "minpse": 0.40476190476190477, "brier": 0.04835129849340268}