{"acc": 0.8054002523422241, "prec0": 0.8510234951972961, "prec1": 0.6883811354637146, "rec0": 0.8750730752944946, "rec1": 0.6430517435073853, "auroc": 0.8586188102416061, "auprc": 0.7498541446053564, "minpse": 0.6699954607353609, "brier": 0.1396387797419469}