{"acc": 0.9113596081733704, "prec0": 0.9115720391273499, "prec1": 0.6000000238418579, "rec0": 0.999700665473938, "rec1": 0.004608294926583767, "auroc": 0.6662110325973762, "auprc": 0.17006171534503137, "minpse": 0.21764705882352942, "brier": 0.10279796255007319}