{"acc": 0.9382244944572449, "prec0": 0.9468591809272766, "prec1": 0.7916666865348816, "rec0": 0.9872026443481445, "rec1": 0.4674384891986847, "auroc": 0.931970868189145, "auprc": 0.6969166666069755, "minpse": 0.6280752532561505, "brier": 0.047472514335655545}