{"acc": 0.8843584060668945, "prec0": 0.9028164744377136, "prec1": 0.7474167346954346, "rec0": 0.9636604189872742, "rec1": 0.5089914202690125, "auroc": 0.9033810379506, "auprc": 0.7179665697503839, "minpse": 0.64453125, "brier": 0.08385139047615124}