{"acc": 0.9121778011322021, "prec0": 0.9129958748817444, "prec1": 0.6521739363670349, "rec0": 0.9988027811050415, "rec1": 0.02304147556424141, "auroc": 0.743147672794968, "auprc": 0.25307425469190736, "minpse": 0.2903225806451613, "brier": 0.07422821354756778}