{"acc": 0.9524069428443909, "prec0": 0.9592039585113525, "prec1": 0.791946291923523, "rec0": 0.9908957481384277, "rec1": 0.4512428343296051, "auroc": 0.9384635686469396, "auprc": 0.6825238525037588, "minpse": 0.6328871892925431, "brier": 0.03698881508193491}