{"acc": 0.9143597483634949, "prec0": 0.9278625249862671, "prec1": 0.7577319741249084, "rec0": 0.9779859781265259, "rec1": 0.47521552443504333, "auroc": 0.9196526151444184, "auprc": 0.6958406497396998, "minpse": 0.6239224137931034, "brier": 0.0634763856187409}