{"acc": 0.9394518136978149, "prec0": 0.9576901197433472, "prec1": 0.56083083152771, "rec0": 0.9783878326416016, "rec1": 0.38969072699546814, "auroc": 0.9066061879757201, "auprc": 0.5160965027586722, "minpse": 0.488659793814433, "brier": 0.07328646832292912}