{"acc": 0.9217237234115601, "prec0": 0.9468240141868591, "prec1": 0.5543709993362427, "rec0": 0.9688431620597839, "rec1": 0.41600000858306885, "auroc": 0.903273703041145, "auprc": 0.5344499384084779, "minpse": 0.504, "brier": 0.08183040745239598}