{"acc": 0.9281330704689026, "prec0": 0.9393013119697571, "prec1": 0.7624189853668213, "rec0": 0.9832393527030945, "rec1": 0.4584415555000305, "auroc": 0.9253255657948634, "auprc": 0.6843522981265976, "minpse": 0.6090909090909091, "brier": 0.05405534991065418}