{"acc": 0.9698622822761536, "prec0": 0.9744091629981995, "prec1": 0.791208803653717, "rec0": 0.994576096534729, "rec1": 0.4403669834136963, "auroc": 0.958874481549672, "auprc": 0.7009436573168207, "minpse": 0.6524390243902439, "brier": 0.022382670754956896}