{"acc": 0.997681736946106, "prec0": 0.9976670742034912, "prec1": 1.0, "rec0": 1.0, "rec1": 0.7301587462425232, "auroc": 0.999858081701273, "auprc": 0.9881945475490539, "minpse": 0.9523809523809523, "brier": 0.0016237540211734697}