{"acc": 0.9862266182899475, "prec0": 0.9875466823577881, "prec1": 0.8962264060974121, "rec0": 0.998461127281189, "rec1": 0.5135135054588318, "auroc": 0.9830691631754866, "auprc": 0.7945112338839782, "minpse": 0.6972972972972973, "brier": 0.010614593638047178}