{"acc": 0.8831310272216797, "prec0": 0.9014824032783508, "prec1": 0.7444574236869812, "rec0": 0.9638434648513794, "rec1": 0.5, "auroc": 0.9004002208900502, "auprc": 0.7110764839974346, "minpse": 0.6442006269592476, "brier": 0.08501249988598887}