{"acc": 0.757807195186615, "prec0": 0.7618940472602844, "prec1": 0.7514772415161133, "rec0": 0.8260340690612793, "rec1": 0.6708036065101624, "auroc": 0.8369018905328414, "auprc": 0.814545632871524, "minpse": 0.7233250620347395, "brier": 0.16279584938121786}