{"acc": 0.9783172011375427, "prec0": 0.980785071849823, "prec1": 0.5957446694374084, "rec0": 0.9973482489585876, "rec1": 0.1666666716337204, "auroc": 0.9516424085335461, "auprc": 0.375880252012384, "minpse": 0.4069767441860465, "brier": 0.05233350072169109}