{"acc": 0.9884085655212402, "prec0": 0.9896265268325806, "prec1": 0.9029126167297363, "rec0": 0.9986042976379395, "rec1": 0.5535714030265808, "auroc": 0.9882464360482505, "auprc": 0.8014006522563831, "minpse": 0.7, "brier": 0.009525865356317156}