{"acc": 0.9710896015167236, "prec0": 0.9762463569641113, "prec1": 0.5652173757553101, "rec0": 0.9943733215332031, "rec1": 0.2321428507566452, "auroc": 0.9345058075276813, "auprc": 0.42307495985306054, "minpse": 0.4581497797356828, "brier": 0.056312098381246366}