{"acc": 0.8843584060668945, "prec0": 0.902178943157196, "prec1": 0.7505800724029541, "rec0": 0.9644804000854492, "rec1": 0.5054687261581421, "auroc": 0.90105190607963, "auprc": 0.7136059184835017, "minpse": 0.6377829820452772, "brier": 0.08494198684315048}