{"acc": 0.7843992710113525, "prec0": 0.7853757739067078, "prec1": 0.7829083204269409, "rec0": 0.8467153310775757, "rec1": 0.7049332857131958, "auroc": 0.862806863382335, "auprc": 0.841377367373185, "minpse": 0.7563467492260062, "brier": 0.14867503942789456}