{"acc": 0.9993181228637695, "prec0": 0.9993136525154114, "prec1": 1.0, "rec0": 1.0, "rec1": 0.9056603908538818, "auroc": 0.9999948165042505, "auprc": 0.999287876067869, "minpse": 0.9814814814814815, "brier": 0.000996586318008813}