{"acc": 0.829128623008728, "prec0": 0.8529254794120789, "prec1": 0.7508772015571594, "rec0": 0.9184220433235168, "rec1": 0.6082425117492676, "auroc": 0.8840738841119841, "auprc": 0.7786083530680028, "minpse": 0.6954050213169114, "brier": 0.11945313220815477}