{"acc": 0.9825446605682373, "prec0": 0.9849937558174133, "prec1": 0.8529411554336548, "rec0": 0.9971866607666016, "rec1": 0.5178571343421936, "auroc": 0.9770110322930692, "auprc": 0.7565051334488899, "minpse": 0.6785714285714286, "brier": 0.013887993457006422}