{"acc": 0.9740897417068481, "prec0": 0.9777963757514954, "prec1": 0.819767415523529, "rec0": 0.9955922365188599, "rec1": 0.4699999988079071, "auroc": 0.9618034030048817, "auprc": 0.7031977503251644, "minpse": 0.65, "brier": 0.020527424078019666}