{"acc": 0.9555434584617615, "prec0": 0.9557498097419739, "prec1": 0.8181818127632141, "rec0": 0.9997143149375916, "rec1": 0.027027027681469917, "auroc": 0.8236224796224796, "auprc": 0.26549973943874344, "minpse": 0.3137254901960784, "brier": 0.03815900726317176}