{"acc": 0.997818112373352, "prec0": 0.99836266040802, "prec1": 0.0, "rec0": 0.999453604221344, "rec1": 0.0, "auroc": 0.9987934253061967, "auprc": 0.4036071306451742, "minpse": 0.5714285714285714, "brier": 0.0016213743451303695}