{"acc": 0.9983635544776917, "prec0": 0.9983635544776917, "prec1": NaN, "rec0": 1.0, "rec1": 0.0, "auroc": 0.9992828848517963, "auprc": 0.7732051527990731, "minpse": 0.75, "brier": 0.0011044350551956822}