{"acc": 0.9980908036231995, "prec0": 0.9986351728439331, "prec1": 0.3333333432674408, "rec0": 0.999453604221344, "rec1": 0.1666666716337204, "auroc": 0.9993056504120567, "auprc": 0.5016986336103983, "minpse": 0.7142857142857143, "brier": 0.0013772687871891987}