{"acc": 0.8932930827140808, "prec0": 0.9020629525184631, "prec1": 0.7353324890136719, "rec0": 0.9839715957641602, "rec1": 0.29420968890190125, "auroc": 0.8986027730771757, "auprc": 0.606643948061102, "minpse": 0.5752212389380531}