{"acc": 0.8281739950180054, "prec0": 0.8339254260063171, "prec1": 0.8091602921485901, "rec0": 0.9352589845657349, "rec1": 0.595763087272644, "auroc": 0.8949858154928924, "auprc": 0.8117194638573806, "minpse": 0.7307692307692307, "brier": 0.1195248369380017}