{"acc": 0.9803627729415894, "prec0": 0.9808821678161621, "prec1": 0.6000000238418579, "rec0": 0.9994434118270874, "rec1": 0.04109589010477066, "auroc": 0.9831611871510776, "auprc": 0.5277404900790699, "minpse": 0.54, "brier": 0.013551028999268569}