{"acc": 0.9980908036231995, "prec0": 0.9986355304718018, "prec1": 0.0, "rec0": 0.9994537830352783, "rec1": 0.0, "auroc": 0.9990919022258636, "auprc": 0.3951495420475936, "minpse": 0.5, "brier": 0.0013768386256398065}