{"acc": 0.9524069428443909, "prec0": 0.9564430713653564, "prec1": 0.7551020383834839, "rec0": 0.9947894215583801, "rec1": 0.26179245114326477, "auroc": 0.9518187242781497, "auprc": 0.6105532691280801, "minpse": 0.5943396226415094, "brier": 0.0331280439130129}