{"acc": 0.986908495426178, "prec0": 0.9875631928443909, "prec1": 0.6875, "rec0": 0.9993085265159607, "rec1": 0.10784313827753067, "auroc": 0.9903926720736698, "auprc": 0.5181382040293514, "minpse": 0.5588235294117647, "brier": 0.009194918706168717}