{"acc": 0.9780444502830505, "prec0": 0.9791237711906433, "prec1": 0.8269230723381042, "rec0": 0.9987391233444214, "rec1": 0.22051282227039337, "auroc": 0.980211364240504, "auprc": 0.597308583060711, "minpse": 0.5678391959798995, "brier": 0.015609266538957469}