{"acc": 0.9404063820838928, "prec0": 0.9427566528320312, "prec1": 0.865470826625824, "rec0": 0.9955443143844604, "rec1": 0.3216666579246521, "auroc": 0.9505210653992773, "auprc": 0.6784706680502914, "minpse": 0.6405990016638935, "brier": 0.042917796444126265}