{"acc": 0.9926360249519348, "prec0": 0.9931768774986267, "prec1": 0.20000000298023224, "rec0": 0.99945068359375, "rec1": 0.019607843831181526, "auroc": 0.9962464524398058, "auprc": 0.5697493344039922, "minpse": 0.6470588235294118, "brier": 0.004991930418612131}