{"acc": 0.8806763887405396, "prec0": 0.8906955718994141, "prec1": 0.784370481967926, "rec0": 0.975432813167572, "rec1": 0.42744478583335876, "auroc": 0.9220212940255539, "auprc": 0.7388682051311526, "minpse": 0.6840031520882585, "brier": 0.08008029152496797}