{"acc": 0.9104050397872925, "prec0": 0.9149392247200012, "prec1": 0.8165680766105652, "rec0": 0.9904054403305054, "rec1": 0.316877156496048, "auroc": 0.9391109590253147, "auprc": 0.6953465270764732, "minpse": 0.6463834672789897, "brier": 0.060621579745187504}