{"acc": 0.942997395992279, "prec0": 0.9467298984527588, "prec1": 0.7777777910232544, "rec0": 0.9947252869606018, "rec1": 0.24803149700164795, "auroc": 0.9534928326266909, "auprc": 0.621204751972495, "minpse": 0.5913555992141454, "brier": 0.03927820656042845}