{"acc": 0.9710896015167236, "prec0": 0.9735099077224731, "prec1": 0.7647058963775635, "rec0": 0.997173547744751, "rec1": 0.2529182732105255, "auroc": 0.9718052803030137, "auprc": 0.5867189214812498, "minpse": 0.5930232558139535, "brier": 0.020684439059082314}