{"acc": 0.9318150877952576, "prec0": 0.9397555589675903, "prec1": 0.7857142686843872, "rec0": 0.9877588152885437, "rec1": 0.41480445861816406, "auroc": 0.9460079547939412, "auprc": 0.6833427907729127, "minpse": 0.6406685236768802, "brier": 0.04911505035129753}