{"acc": 0.8319923877716064, "prec0": 0.8423129916191101, "prec1": 0.7920265793800354, "rec0": 0.9400612711906433, "rec1": 0.5646613240242004, "auroc": 0.8928638103450748, "auprc": 0.7914094622741855, "minpse": 0.7141504969238051, "brier": 0.11697088057704812}