{"acc": 0.9852720499038696, "prec0": 0.9856694340705872, "prec1": 0.5, "rec0": 0.9995847940444946, "rec1": 0.02777777798473835, "auroc": 0.9884877611175189, "auprc": 0.5353924241189358, "minpse": 0.5307692307692308, "brier": 0.009873575163856809}