{"acc": 0.9728624224662781, "prec0": 0.9734174013137817, "prec1": 0.8571428656578064, "rec0": 0.9992966651916504, "rec1": 0.1339285671710968, "auroc": 0.970985596728493, "auprc": 0.6357630620096032, "minpse": 0.6205357142857143, "brier": 0.01850242374605607}