{"acc": 0.9849992990493774, "prec0": 0.9852680563926697, "prec1": 0.0, "rec0": 0.9997231960296631, "rec1": 0.0, "auroc": 0.993242983467897, "auprc": 0.6657747008363556, "minpse": 0.6302521008403361, "brier": 0.009408603479917526}