{"acc": 0.9927724003791809, "prec0": 0.9933105707168579, "prec1": 0.5, "rec0": 0.9994505643844604, "rec1": 0.07547169923782349, "auroc": 0.9800228073812979, "auprc": 0.49001659093246597, "minpse": 0.5283018867924528, "brier": 0.005290681833481882}