{"acc": 0.8339015245437622, "prec0": 0.850367546081543, "prec1": 0.7757875323295593, "rec0": 0.9304863810539246, "rec1": 0.5949786901473999, "auroc": 0.8924434411059431, "auprc": 0.7931686375798436, "minpse": 0.7134059687351966, "brier": 0.1156078213883434}