{"acc": 0.787399411201477, "prec0": 0.7843924164772034, "prec1": 0.7921348214149475, "rec0": 0.8559610843658447, "rec1": 0.6999689936637878, "auroc": 0.8683678291597874, "auprc": 0.849216047364166, "minpse": 0.7558175612783121, "brier": 0.14698288040891647}