{"acc": 0.9462702870368958, "prec0": 0.9478705525398254, "prec1": 0.8316831588745117, "rec0": 0.9975261688232422, "rec1": 0.18221257627010345, "auroc": 0.9568164944860973, "auprc": 0.6251147891351436, "minpse": 0.6038961038961039, "brier": 0.036670225957516164}