{"acc": 0.9158598184585571, "prec0": 0.9164733290672302, "prec1": 0.1666666716337204, "rec0": 0.9992559552192688, "rec1": 0.0016313213855028152, "auroc": 0.7840944952613998, "auprc": 0.2939496398840774, "minpse": 0.3355048859934853, "brier": 0.07117265132788367}