{"acc": 0.9627710580825806, "prec0": 0.9637760519981384, "prec1": 0.800000011920929, "rec0": 0.9987203478813171, "rec1": 0.11999999731779099, "auroc": 0.9632579743115787, "auprc": 0.5549217916272405, "minpse": 0.5379537953795379, "brier": 0.026016560070476934}