{"acc": 0.9540433883666992, "prec0": 0.9548122882843018, "prec1": 0.25, "rec0": 0.9991428852081299, "rec1": 0.006006006151437759, "auroc": 0.8203470613470614, "auprc": 0.24708484524574634, "minpse": 0.3074626865671642, "brier": 0.0400707742956948}