{"acc": 0.9164053201675415, "prec0": 0.9164053201675415, "prec1": NaN, "rec0": 1.0, "rec1": 0.0, "auroc": 0.7933699652373185, "auprc": 0.3100293701374396, "minpse": 0.3289902280130293, "brier": 0.07051980975341099}