{"acc": 0.9311332106590271, "prec0": 0.9323517084121704, "prec1": 0.8656716346740723, "rec0": 0.9973254203796387, "rec1": 0.19237147271633148, "auroc": 0.9493230972428595, "auprc": 0.6465869883979706, "minpse": 0.6185737976782753, "brier": 0.04683635759355622}