{"acc": 0.7871266603469849, "prec0": 0.7759255170822144, "prec1": 0.8061901330947876, "rec0": 0.8720194697380066, "rec1": 0.6788706183433533, "auroc": 0.8669536852292639, "auprc": 0.8485237136121434, "minpse": 0.7551970214086255, "brier": 0.14689264439798752}