{"acc": 0.9772262573242188, "prec0": 0.9778748750686646, "prec1": 0.5454545617103577, "rec0": 0.9993021488189697, "rec1": 0.0357142873108387, "auroc": 0.9777838700029908, "auprc": 0.5418661190206246, "minpse": 0.5238095238095238, "brier": 0.015529707913781072}