{"acc": 0.9665893912315369, "prec0": 0.9669785499572754, "prec1": 0.9230769276618958, "rec0": 0.9992890954017639, "rec1": 0.20000000298023224, "auroc": 0.9714398786672355, "auprc": 0.6526291215102269, "minpse": 0.62, "brier": 0.023237904747800013}