{"acc": 0.8849038481712341, "prec0": 0.8940837979316711, "prec1": 0.8011049628257751, "rec0": 0.9762101173400879, "rec1": 0.453125, "auroc": 0.9165107307326945, "auprc": 0.7295474027334024, "minpse": 0.6765625, "brier": 0.08220939171070393}