{"acc": 0.9924996495246887, "prec0": 0.9929049015045166, "prec1": 0.25, "rec0": 0.999587893486023, "rec1": 0.01886792480945587, "auroc": 0.9795835061165249, "auprc": 0.5893784334990948, "minpse": 0.5915492957746479, "brier": 0.0049972454671493565}