{"acc": 0.7882176637649536, "prec0": 0.7758360505104065, "prec1": 0.8094885349273682, "rec0": 0.8749391436576843, "rec1": 0.6776295304298401, "auroc": 0.8690603878902625, "auprc": 0.8500011474182367, "minpse": 0.7549627791563276, "brier": 0.14610625761754578}