{"acc": 0.935906171798706, "prec0": 0.939236581325531, "prec1": 0.8212560415267944, "rec0": 0.9945022463798523, "rec1": 0.28192371129989624, "auroc": 0.9510374083027161, "auprc": 0.6564316892359057, "minpse": 0.6094771241830066, "brier": 0.044513740602823995}