{"acc": 0.9094504117965698, "prec0": 0.9172393679618835, "prec1": 0.8016194105148315, "rec0": 0.9846177697181702, "rec1": 0.4116424024105072, "auroc": 0.934097575715846, "auprc": 0.7073738128468805, "minpse": 0.656964656964657, "brier": 0.06384026575178736}