{"acc": 0.9729987978935242, "prec0": 0.9738104939460754, "prec1": 0.824999988079071, "rec0": 0.9990153312683105, "rec1": 0.1473214328289032, "auroc": 0.9744438639149569, "auprc": 0.6146484493682908, "minpse": 0.6071428571428571, "brier": 0.01838918255697412}