{"acc": 0.9781808257102966, "prec0": 0.9785490036010742, "prec1": 0.7857142686843872, "rec0": 0.9995812773704529, "rec1": 0.065476194024086, "auroc": 0.9833865018442828, "auprc": 0.6400991916061194, "minpse": 0.6153846153846154, "brier": 0.014118841620542607}