{"acc": 0.9271785020828247, "prec0": 0.9277823567390442, "prec1": 0.8791208863258362, "rec0": 0.9983655214309692, "rec1": 0.13266998529434204, "auroc": 0.9522941261991184, "auprc": 0.6664642614127878, "minpse": 0.6357615894039735, "brier": 0.04764548853581635}