{"acc": 0.9049502015113831, "prec0": 0.9084365367889404, "prec1": 0.842377245426178, "rec0": 0.9904253482818604, "rec1": 0.3388773500919342, "auroc": 0.9338098406533504, "auprc": 0.708601352336524, "minpse": 0.6673596673596673, "brier": 0.06567329180879483}