{"acc": 0.9504977464675903, "prec0": 0.9557484984397888, "prec1": 0.7552083134651184, "rec0": 0.9931606650352478, "rec1": 0.31453362107276917, "auroc": 0.9502743378139843, "auprc": 0.6159434751767854, "minpse": 0.6030368763557483, "brier": 0.03543214331060964}