{"acc": 0.9248602390289307, "prec0": 0.9335247874259949, "prec1": 0.760869562625885, "rec0": 0.9866464138031006, "rec1": 0.37685060501098633, "auroc": 0.9396256818827009, "auprc": 0.653773399125356, "minpse": 0.6164199192462988, "brier": 0.053155973535247814}