{"acc": 0.9791353940963745, "prec0": 0.9797482490539551, "prec1": 0.800000011920929, "rec0": 0.9993021488189697, "rec1": 0.1190476194024086, "auroc": 0.9792484963280498, "auprc": 0.5848841967250857, "minpse": 0.5535714285714286, "brier": 0.014035657080815077}