{"acc": 0.9540433883666992, "prec0": 0.9545640349388123, "prec1": 0.0, "rec0": 0.9994285702705383, "rec1": 0.0, "auroc": 0.8476366366366368, "auprc": 0.2951471585780054, "minpse": 0.3712574850299401, "brier": 0.039932206566329724}