{"acc": 0.8828583359718323, "prec0": 0.8919408321380615, "prec1": 0.7977369427680969, "rec0": 0.9763753414154053, "rec1": 0.44062501192092896, "auroc": 0.9149521673137287, "auprc": 0.7190459109405265, "minpse": 0.6674454828660437, "brier": 0.08273205130806002}