{"acc": 0.9840447306632996, "prec0": 0.9848360419273376, "prec1": 0.5384615659713745, "rec0": 0.9991683959960938, "rec1": 0.05932203307747841, "auroc": 0.9824835265513232, "auprc": 0.5720932212376086, "minpse": 0.5467625899280576, "brier": 0.011065787779423932}