{"acc": 0.9980908036231995, "prec0": 0.9980785250663757, "prec1": 1.0, "rec0": 1.0, "rec1": 0.7704917788505554, "auroc": 0.9998647405724179, "auprc": 0.9894384111631334, "minpse": 0.9672131147540983, "brier": 0.001758436555297586}