{"acc": 0.9567707777023315, "prec0": 0.9576596617698669, "prec1": 0.7714285850524902, "rec0": 0.9988566637039185, "rec1": 0.0803571417927742, "auroc": 0.9629675473161968, "auprc": 0.5882577146776097, "minpse": 0.5885714285714285, "brier": 0.02818284467914385}