{"acc": 0.8937678933143616, "prec0": 0.8940903544425964, "prec1": 0.5, "rec0": 0.999542236328125, "rec1": 0.00385109125636518, "auroc": 0.7389605775344007, "auprc": 0.29235097183930264, "minpse": 0.3184713375796178, "brier": 0.08958240452865658}