{"acc": 0.998909056186676, "prec0": 0.9991815686225891, "prec1": 0.0, "rec0": 0.9997270107269287, "rec1": 0.0, "auroc": 0.9997270369864883, "auprc": 0.531547619047619, "minpse": 0.75, "brier": 0.0008077380364212754}