{"acc": 0.9886813163757324, "prec0": 0.9890859723091125, "prec1": 0.0, "rec0": 0.9995864033699036, "rec1": 0.0, "auroc": 0.9826313249689783, "auprc": 0.4379500553744038, "minpse": 0.4875, "brier": 0.008065189920505731}