{"acc": 0.9757261872291565, "prec0": 0.9762327671051025, "prec1": 0.6666666865348816, "rec0": 0.999440610408783, "rec1": 0.04395604506134987, "auroc": 0.9799359499401451, "auprc": 0.5604222485372523, "minpse": 0.5333333333333333, "brier": 0.01645744431906126}