{"acc": 0.7886267304420471, "prec0": 0.7725369334220886, "prec1": 0.8147353529930115, "rec0": 0.8712403774261475, "rec1": 0.6882175207138062, "auroc": 0.874727604792083, "auprc": 0.8641844690130636, "minpse": 0.7705314009661836, "brier": 0.14480371173779705}