{"acc": 0.9713623523712158, "prec0": 0.9766606688499451, "prec1": 0.554347813129425, "rec0": 0.9942359328269958, "rec1": 0.23181818425655365, "auroc": 0.9379663356466393, "auprc": 0.4127552018661207, "minpse": 0.4681818181818182, "brier": 0.0560527762781799}