{"acc": 0.9825446605682373, "prec0": 0.9850021004676819, "prec1": 0.8484848737716675, "rec0": 0.9971882700920105, "rec1": 0.5090909004211426, "auroc": 0.9795521644108738, "auprc": 0.7570106279541916, "minpse": 0.6818181818181818, "brier": 0.013645337684816352}