{"acc": 0.8344470262527466, "prec0": 0.8551205992698669, "prec1": 0.7610179781913757, "rec0": 0.9270557165145874, "rec1": 0.5965936779975891, "auroc": 0.8839485206462303, "auprc": 0.7739027857154642, "minpse": 0.6914841849148419, "brier": 0.11782616847108165}