{"acc": 0.9903177618980408, "prec0": 0.9905827641487122, "prec1": 0.6666666865348816, "rec0": 0.9997245073318481, "rec1": 0.054794520139694214, "auroc": 0.9731386090041133, "auprc": 0.35437509338925555, "minpse": 0.3835616438356164, "brier": 0.044505401591251825}