{"acc": 0.9762716293334961, "prec0": 0.9796395897865295, "prec1": 0.59375, "rec0": 0.9963620901107788, "rec1": 0.20430107414722443, "auroc": 0.9446763887697823, "auprc": 0.39884081993385384, "minpse": 0.43315508021390375, "brier": 0.053597182055598096}