{"acc": 0.9860903024673462, "prec0": 0.9875432252883911, "prec1": 0.8888888955116272, "rec0": 0.998320996761322, "rec1": 0.5161290168762207, "auroc": 0.9850941292759876, "auprc": 0.7926956833065538, "minpse": 0.7204301075268817, "brier": 0.010789864001954277}