{"acc": 0.921587347984314, "prec0": 0.9468845725059509, "prec1": 0.5604166388511658, "rec0": 0.9685074687004089, "rec1": 0.42496049404144287, "auroc": 0.9021461413312584, "auprc": 0.5356208017456435, "minpse": 0.5078369905956113, "brier": 0.08228747099980457}