{"acc": 0.889540433883667, "prec0": 0.9270849227905273, "prec1": 0.6016548275947571, "rec0": 0.9469375014305115, "rec1": 0.518329918384552, "auroc": 0.888230472549346, "auprc": 0.6049091110918832, "minpse": 0.5653495440729484, "brier": 0.09916338494073908}