{"acc": 0.9273148775100708, "prec0": 0.9393055438995361, "prec1": 0.7557411193847656, "rec0": 0.9821510314941406, "rec1": 0.4652956426143646, "auroc": 0.9255177173962065, "auprc": 0.6853998971691226, "minpse": 0.6205128205128205, "brier": 0.05440167008778887}