{"acc": 0.9378153681755066, "prec0": 0.9575139880180359, "prec1": 0.562841534614563, "rec0": 0.9765773415565491, "rec1": 0.41035857796669006, "auroc": 0.9073747463666051, "auprc": 0.5271389179491799, "minpse": 0.49800796812749004, "brier": 0.0739294143674027}