{"acc": 0.9072685241699219, "prec0": 0.9222635626792908, "prec1": 0.7443365454673767, "rec0": 0.9751220345497131, "rec1": 0.4684317708015442, "auroc": 0.9147543517530636, "auprc": 0.6874536639800349, "minpse": 0.6253807106598985, "brier": 0.06811069018594566}