{"acc": 0.88135826587677, "prec0": 0.9002937078475952, "prec1": 0.7395833134651184, "rec0": 0.9628037810325623, "rec1": 0.49766355752944946, "auroc": 0.9012093088170388, "auprc": 0.7118974897195799, "minpse": 0.6428015564202335, "brier": 0.08541609164423404}