{"acc": 0.8610391616821289, "prec0": 0.9056451320648193, "prec1": 0.6169461607933044, "rec0": 0.9282525777816772, "rec1": 0.5443925261497498, "auroc": 0.8748897245702154, "auprc": 0.64093318437489, "minpse": 0.5965732087227414, "brier": 0.11302506236792532}