{"acc": 0.9579980969429016, "prec0": 0.9688464999198914, "prec1": 0.5845410823822021, "rec0": 0.9876967072486877, "rec1": 0.352769672870636, "auroc": 0.9163703249540159, "auprc": 0.4784711027019442, "minpse": 0.49855907780979825, "brier": 0.06432182985765926}