{"acc": 0.9405427575111389, "prec0": 0.9484536051750183, "prec1": 0.7822349667549133, "rec0": 0.9886566996574402, "rec1": 0.43127962946891785, "auroc": 0.9325219872202967, "auprc": 0.6752109386532138, "minpse": 0.6145339652448657, "brier": 0.045294097731711294}