{"acc": 0.8115369081497192, "prec0": 0.8576937317848206, "prec1": 0.678325355052948, "rec0": 0.8849943280220032, "rec1": 0.6228710412979126, "auroc": 0.8597962068135742, "auprc": 0.7320335147953644, "minpse": 0.6588807785888078, "brier": 0.13674409737196808}