{"acc": 0.9042683839797974, "prec0": 0.9369866847991943, "prec1": 0.5597484111785889, "rec0": 0.9572845101356506, "rec1": 0.45758354663848877, "auroc": 0.8975122505044326, "auprc": 0.5703672968478141, "minpse": 0.5288831835686778, "brier": 0.0895592987477255}