{"acc": 0.9770898818969727, "prec0": 0.9803538918495178, "prec1": 0.8269230723381042, "rec0": 0.9961772561073303, "rec1": 0.47777777910232544, "auroc": 0.968558633672608, "auprc": 0.7216388967566109, "minpse": 0.6593406593406593, "brier": 0.017915725563201226}