{"acc": 0.9694531559944153, "prec0": 0.9739422798156738, "prec1": 0.8051282167434692, "rec0": 0.994563639163971, "rec1": 0.4577259421348572, "auroc": 0.9558014990177554, "auprc": 0.6982690783732469, "minpse": 0.6366279069767442, "brier": 0.02360767266161474}