{"acc": 0.7482612729072571, "prec0": 0.6753477454185486, "prec1": 0.810571551322937, "rec0": 0.7528868317604065, "rec1": 0.7450023293495178, "auroc": 0.8319270528726789, "auprc": 0.8788303894496448, "minpse": 0.7880055788005579, "brier": 0.1667220945325498}