{"acc": 0.9492704272270203, "prec0": 0.9569371342658997, "prec1": 0.78125, "rec0": 0.9896770119667053, "rec1": 0.4528985619544983, "auroc": 0.9401527392180623, "auprc": 0.699390941217174, "minpse": 0.6467391304347826, "brier": 0.03763089698195954}