{"acc": 0.9818627834320068, "prec0": 0.983561635017395, "prec1": 0.6060606241226196, "rec0": 0.9981926679611206, "rec1": 0.1428571492433548, "auroc": 0.9631387658636372, "auprc": 0.3847222504922179, "minpse": 0.42857142857142855, "brier": 0.04984030017539083}