{"acc": 0.950088620185852, "prec0": 0.9503410458564758, "prec1": 0.3333333432674408, "rec0": 0.9997129440307617, "rec1": 0.002739726100116968, "auroc": 0.7254651400531589, "auprc": 0.13389452100325638, "minpse": 0.2, "brier": 0.07547974256211236}