{"acc": 0.9954997897148132, "prec0": 0.9955995678901672, "prec1": 0.9836065769195557, "rec0": 0.9998618960380554, "rec1": 0.6521739363670349, "auroc": 0.9975967167638388, "auprc": 0.9388272557430468, "minpse": 0.8478260869565217, "brier": 0.0035868325420670365}