{"acc": 0.8812218904495239, "prec0": 0.900532603263855, "prec1": 0.7513172030448914, "rec0": 0.9605680704116821, "rec1": 0.528931736946106, "auroc": 0.9059844219847343, "auprc": 0.7363279903437824, "minpse": 0.658753709198813, "brier": 0.08553354163298418}