{"acc": 0.9224055409431458, "prec0": 0.93574059009552, "prec1": 0.7572992444038391, "rec0": 0.9794816374778748, "rec1": 0.48766157031059265, "auroc": 0.9263207776683221, "auprc": 0.7084784936947864, "minpse": 0.6377491207502931, "brier": 0.057124283018129864}