{"acc": 0.9863629937171936, "prec0": 0.988491415977478, "prec1": 0.8595041036605835, "rec0": 0.9976210594177246, "rec1": 0.5561497211456299, "auroc": 0.9885766840130451, "auprc": 0.8135394605820311, "minpse": 0.7301587301587301, "brier": 0.010257461748634076}