{"acc": 0.8104459047317505, "prec0": 0.8257114887237549, "prec1": 0.7756925821304321, "rec0": 0.8933956027030945, "rec1": 0.6615853905677795, "auroc": 0.8844003795275266, "auprc": 0.8270950193507063, "minpse": 0.741234756097561, "brier": 0.1290750277348092}