{"acc": 0.9254056811332703, "prec0": 0.9515987038612366, "prec1": 0.5786407589912415, "rec0": 0.9676361083984375, "rec1": 0.47452229261398315, "auroc": 0.9068999748262776, "auprc": 0.5668966876755774, "minpse": 0.5428571428571428, "brier": 0.08017646751499913}