{"acc": 0.998909056186676, "prec0": 0.998903214931488, "prec1": 1.0, "rec0": 1.0, "rec1": 0.8297872543334961, "auroc": 1.0, "auprc": 1.0000000000000002, "minpse": 1.0, "brier": 0.0009842068094232652}