{"acc": 0.9446338415145874, "prec0": 0.9533611536026001, "prec1": 0.787564754486084, "rec0": 0.9877703189849854, "rec1": 0.48407644033432007, "auroc": 0.9409761704593491, "auprc": 0.7038634530674173, "minpse": 0.6391096979332274, "brier": 0.04249399462794791}