{"acc": 0.9484521746635437, "prec0": 0.948703944683075, "prec1": 0.3333333432674408, "rec0": 0.9997124671936035, "rec1": 0.0026525198481976986, "auroc": 0.7266135145812329, "auprc": 0.13764279270147733, "minpse": 0.20240963855421687, "brier": 0.07661788257080468}