{"acc": 0.9674075841903687, "prec0": 0.9717086553573608, "prec1": 0.8082901835441589, "rec0": 0.9946953654289246, "rec1": 0.4357541799545288, "auroc": 0.9573260447327847, "auprc": 0.6888359426082076, "minpse": 0.6229050279329609, "brier": 0.025032734279701704}