{"acc": 0.9791353940963745, "prec0": 0.9821751713752747, "prec1": 0.8355262875556946, "rec0": 0.9964679479598999, "rec1": 0.49803921580314636, "auroc": 0.9755109729678818, "auprc": 0.7408213014379971, "minpse": 0.669260700389105, "brier": 0.01615003078143489}