{"acc": 0.955952525138855, "prec0": 0.9675288200378418, "prec1": 0.5799086689949036, "rec0": 0.986810028553009, "rec1": 0.35474860668182373, "auroc": 0.9160505396367713, "auprc": 0.4672605888565955, "minpse": 0.4860335195530726, "brier": 0.06545322430185435}