{"acc": 0.9494068026542664, "prec0": 0.9497336149215698, "prec1": 0.75, "rec0": 0.9995687007904053, "rec1": 0.023872679099440575, "auroc": 0.8114857619626512, "auprc": 0.25116278173598, "minpse": 0.29973474801061006, "brier": 0.043521195278681236}