{"acc": 0.9090413451194763, "prec0": 0.9099617004394531, "prec1": 0.6399999856948853, "rec0": 0.998648464679718, "rec1": 0.02373887225985527, "auroc": 0.7444167617686154, "auprc": 0.2661435095034848, "minpse": 0.2952522255192878, "brier": 0.07617989240670373}