{"acc": 0.9926360249519348, "prec0": 0.9932506680488586, "prec1": 0.931506872177124, "rec0": 0.9993070960044861, "rec1": 0.5811966061592102, "auroc": 0.9958117762995813, "auprc": 0.877295413149295, "minpse": 0.7948717948717948, "brier": 0.005536751095336938}