{"acc": 0.9623619318008423, "prec0": 0.9711458086967468, "prec1": 0.5660377144813538, "rec0": 0.9901933073997498, "rec1": 0.3030303120613098, "auroc": 0.9237227304310874, "auprc": 0.4436660588009112, "minpse": 0.48013245033112584, "brier": 0.06157535535824286}