{"acc": 0.928678572177887, "prec0": 0.9529771208763123, "prec1": 0.568965494632721, "rec0": 0.970352828502655, "rec1": 0.44974446296691895, "auroc": 0.9033185669746372, "auprc": 0.5501160791583823, "minpse": 0.5195911413969335, "brier": 0.0785064058087009}