{"acc": 0.9886813163757324, "prec0": 0.9896337389945984, "prec1": 0.918367326259613, "rec0": 0.9988839030265808, "rec1": 0.5454545617103577, "auroc": 0.9894446699134198, "auprc": 0.819492392655415, "minpse": 0.7212121212121212, "brier": 0.009043133663541671}