{"acc": 0.9649529457092285, "prec0": 0.9706212878227234, "prec1": 0.7808219194412231, "rec0": 0.9930965304374695, "rec1": 0.44999998807907104, "auroc": 0.953385891739272, "auprc": 0.6866778194644501, "minpse": 0.6263157894736842, "brier": 0.026669938288827192}