{"acc": 0.9732714891433716, "prec0": 0.9765886068344116, "prec1": 0.8216560482978821, "rec0": 0.996020495891571, "rec1": 0.4343434274196625, "auroc": 0.9644516991020686, "auprc": 0.7019746616409036, "minpse": 0.6354515050167224, "brier": 0.02036873636560265}