{"acc": 0.9472248554229736, "prec0": 0.9550594091415405, "prec1": 0.7890173196792603, "rec0": 0.9891787767410278, "rec1": 0.46507665514945984, "auroc": 0.9375358279068522, "auprc": 0.6959547424982344, "minpse": 0.6300675675675675, "brier": 0.040377778445902006}