{"acc": 0.9414973258972168, "prec0": 0.9580599069595337, "prec1": 0.5820433497428894, "rec0": 0.9802948236465454, "rec1": 0.3900415003299713, "auroc": 0.9044428804953816, "auprc": 0.5087689383358859, "minpse": 0.5010351966873706, "brier": 0.07334426878910472}