{"acc": 0.9079503417015076, "prec0": 0.9079503417015076, "prec1": NaN, "rec0": 1.0, "rec1": 0.0, "auroc": 0.7761343079336471, "auprc": 0.3142582387602677, "minpse": 0.3411420204978038, "brier": 0.07742491539778136}