{"acc": 0.9474976062774658, "prec0": 0.9491830468177795, "prec1": 0.837837815284729, "rec0": 0.9973810315132141, "rec1": 0.20217391848564148, "auroc": 0.9581046502065423, "auprc": 0.6583044615224107, "minpse": 0.6464208242950108, "brier": 0.03508911548415771}