{"acc": 0.8015819191932678, "prec0": 0.7438080310821533, "prec1": 0.8139380812644958, "rec0": 0.46091127395629883, "rec1": 0.9369283318519592, "auroc": 0.8678535068286833, "auprc": 0.9441242830308872, "minpse": 0.861359741001714, "brier": 0.13287184046170367}