{"acc": 0.9494068026542664, "prec0": 0.9520300626754761, "prec1": 0.8156028389930725, "rec0": 0.9962170720100403, "rec1": 0.25, "auroc": 0.9594198154087514, "auprc": 0.6517009359832997, "minpse": 0.6369565217391304, "brier": 0.03439557405222152}