{"acc": 0.9080867171287537, "prec0": 0.9080742001533508, "prec1": 1.0, "rec0": 1.0, "rec1": 0.00148148147854954, "auroc": 0.7859835564010993, "auprc": 0.3223441416424525, "minpse": 0.3496296296296296, "brier": 0.07724198446401766}