{"acc": 0.7974907755851746, "prec0": 0.75, "prec1": 0.8067829608917236, "rec0": 0.4316546618938446, "rec1": 0.9428353905677795, "auroc": 0.8676805506814061, "auprc": 0.9441137859047901, "minpse": 0.8639481707317073, "brier": 0.13321583849178414}