{"acc": 0.9723169207572937, "prec0": 0.9734464883804321, "prec1": 0.6666666865348816, "rec0": 0.9987361431121826, "rec1": 0.08490566164255142, "auroc": 0.9747994902136387, "auprc": 0.5526529796266633, "minpse": 0.5425101214574899, "brier": 0.018154537113516618}