{"acc": 0.9747715592384338, "prec0": 0.9759813547134399, "prec1": 0.7872340679168701, "rec0": 0.9985957145690918, "rec1": 0.1745283007621765, "auroc": 0.9707680975483091, "auprc": 0.5495627603540835, "minpse": 0.5424528301886793, "brier": 0.01815521836604011}