{"acc": 0.9080867171287537, "prec0": 0.9082969427108765, "prec1": 0.6000000238418579, "rec0": 0.999699592590332, "rec1": 0.004444444552063942, "auroc": 0.7775389116963163, "auprc": 0.3201701116622609, "minpse": 0.3505917159763314, "brier": 0.07696241889496963}