{"acc": 0.9533615112304688, "prec0": 0.9536216259002686, "prec1": 0.0, "rec0": 0.9997140169143677, "rec1": 0.0, "auroc": 0.8426211926211925, "auprc": 0.29836558878635266, "minpse": 0.3498542274052478, "brier": 0.04030373091331091}