{"acc": 0.930996835231781, "prec0": 0.9338493943214417, "prec1": 0.8421052694320679, "rec0": 0.9946035146713257, "rec1": 0.29003021121025085, "auroc": 0.9426333985628373, "auprc": 0.664995712646119, "minpse": 0.6138763197586727, "brier": 0.048523803497146765}