{"acc": 0.904813826084137, "prec0": 0.911198616027832, "prec1": 0.8126316070556641, "rec0": 0.9859577417373657, "rec1": 0.3879396915435791, "auroc": 0.9303543593638752, "auprc": 0.7048556021461703, "minpse": 0.6523476523476524, "brier": 0.06735642291117996}