{"acc": 0.9871812462806702, "prec0": 0.9877066016197205, "prec1": 0.6666666865348816, "rec0": 0.9994471073150635, "rec1": 0.08163265138864517, "auroc": 0.986693087739588, "auprc": 0.5493029791481606, "minpse": 0.5555555555555556, "brier": 0.008807658999005801}