{"acc": 0.8479476571083069, "prec0": 0.8584025502204895, "prec1": 0.8050139546394348, "rec0": 0.9475851655006409, "rec1": 0.5806127786636353, "auroc": 0.9031792448271057, "auprc": 0.7976974136769587, "minpse": 0.7168674698795181, "brier": 0.10886484822735962}