{"acc": 0.8817673325538635, "prec0": 0.895788848400116, "prec1": 0.7637997269630432, "rec0": 0.9696118831634521, "rec1": 0.46557119488716125, "auroc": 0.910421359240866, "auprc": 0.7095616931916017, "minpse": 0.6583268178264269, "brier": 0.0837534295402381}