{"acc": 0.9202236533164978, "prec0": 0.9240199327468872, "prec1": 0.8364779949188232, "rec0": 0.9920416474342346, "rec1": 0.33291614055633545, "auroc": 0.9428913858883139, "auprc": 0.6931580990095461, "minpse": 0.6545682102628285, "brier": 0.0556584048316528}