{"acc": 0.9710896015167236, "prec0": 0.97164386510849, "prec1": 0.8484848737716675, "rec0": 0.9992955923080444, "rec1": 0.11914893984794617, "auroc": 0.9757606278064543, "auprc": 0.6185883188857259, "minpse": 0.597457627118644, "brier": 0.01972299140588545}