{"acc": 0.9382244944572449, "prec0": 0.9449398517608643, "prec1": 0.7611940503120422, "rec0": 0.9905044436454773, "rec1": 0.3440134823322296, "auroc": 0.9431751992834303, "auprc": 0.6222872291172026, "minpse": 0.5853658536585366, "brier": 0.04476032921107476}