{"acc": 0.9777716994285583, "prec0": 0.9781689047813416, "prec1": 0.25, "rec0": 0.9995816946029663, "rec1": 0.006211180239915848, "auroc": 0.9803189941560173, "auprc": 0.5761987055338456, "minpse": 0.5652173913043478, "brier": 0.014197707224106576}