{"acc": 0.942997395992279, "prec0": 0.9484043121337891, "prec1": 0.7681818008422852, "rec0": 0.99249666929245, "rec1": 0.31529849767684937, "auroc": 0.9390690910608059, "auprc": 0.6086519505595765, "minpse": 0.5876865671641791, "brier": 0.041476125157164666}