{"acc": 0.798172652721405, "prec0": 0.7964637875556946, "prec1": 0.8015390634536743, "rec0": 0.8877176642417908, "rec1": 0.6665543913841248, "auroc": 0.8763411577439839, "auprc": 0.841330052770313, "minpse": 0.7478114478114478, "brier": 0.14062258048493392}