{"acc": 0.8270830512046814, "prec0": 0.8370051980018616, "prec1": 0.8002023100852966, "rec0": 0.9190241694450378, "rec1": 0.6443991661071777, "auroc": 0.892922460792836, "auprc": 0.8267457818002983, "minpse": 0.7409368635437882, "brier": 0.12305095843044658}