{"acc": 0.9717714190483093, "prec0": 0.9722639918327332, "prec1": 0.7142857313156128, "rec0": 0.9994382262229919, "rec1": 0.04694835841655731, "auroc": 0.9820983014190009, "auprc": 0.5710099291818117, "minpse": 0.5502008032128514, "brier": 0.018330885599402536}