{"acc": 0.9402700066566467, "prec0": 0.9462365508079529, "prec1": 0.7811321020126343, "rec0": 0.9914023280143738, "rec1": 0.3526405394077301, "auroc": 0.9470995746864443, "auprc": 0.6422896994452387, "minpse": 0.5942275042444821, "brier": 0.04324148688863163}