{"acc": 0.9528160095214844, "prec0": 0.9530928730964661, "prec1": 0.9047619104385376, "rec0": 0.9994246959686279, "rec1": 0.10000000149011612, "auroc": 0.9645300778914063, "auprc": 0.6406361084981536, "minpse": 0.6404199475065617, "brier": 0.03117213599120676}