{"acc": 0.9079503417015076, "prec0": 0.9082969427108765, "prec1": 0.4000000059604645, "rec0": 0.9995495080947876, "rec1": 0.002967359032481909, "auroc": 0.793022472876449, "auprc": 0.34398455502462677, "minpse": 0.36053412462908013, "brier": 0.07643809601714123}