{"acc": 0.9990454316139221, "prec0": 0.9994543194770813, "prec1": 0.0, "rec0": 0.9995906949043274, "rec1": 0.0, "auroc": 0.9930072315459135, "auprc": 0.22938442211055277, "minpse": 0.5, "brier": 0.0008441992205609412}