{"acc": 0.8816309571266174, "prec0": 0.8996748924255371, "prec1": 0.7482837438583374, "rec0": 0.9635217785835266, "rec1": 0.5023041367530823, "auroc": 0.9160506736699099, "auprc": 0.7181078772429565, "minpse": 0.6623376623376623, "brier": 0.08293071530988716}