{"acc": 0.7741715312004089, "prec0": 0.75, "prec1": 0.7948848009109497, "rec0": 0.7580645084381104, "rec1": 0.7877038717269897, "auroc": 0.8639685259388178, "auprc": 0.8905458226678207, "minpse": 0.7929824561403509, "brier": 0.15139368276042817}