{"acc": 0.9948179721832275, "prec0": 0.9953609108924866, "prec1": 0.0, "rec0": 0.9994519948959351, "rec1": 0.0, "auroc": 0.9975117461699023, "auprc": 0.5380172134429562, "minpse": 0.6470588235294118, "brier": 0.0033919562815104736}