{"acc": 0.9464066624641418, "prec0": 0.9474778175354004, "prec1": 0.8803418874740601, "rec0": 0.9979565143585205, "rec1": 0.21369294822216034, "auroc": 0.9558045256136698, "auprc": 0.6547831146516514, "minpse": 0.6371134020618556, "brier": 0.037075226728270606}