{"acc": 0.978726327419281, "prec0": 0.9790926575660706, "prec1": 0.800000011920929, "rec0": 0.9995814561843872, "rec1": 0.072727270424366, "auroc": 0.9853304247835498, "auprc": 0.5954617753003233, "minpse": 0.563953488372093, "brier": 0.013770339299702809}