{"acc": 0.9840447306632996, "prec0": 0.9844411015510559, "prec1": 0.5, "rec0": 0.9995842576026917, "rec1": 0.025641025975346565, "auroc": 0.982502676862433, "auprc": 0.5795139611202141, "minpse": 0.5677966101694916, "brier": 0.010541322225389123}