{"acc": 0.9704077243804932, "prec0": 0.971099853515625, "prec1": 0.8125, "rec0": 0.9991544485092163, "rec1": 0.1097046434879303, "auroc": 0.9702744518811335, "auprc": 0.5908433965775671, "minpse": 0.5907172995780591, "brier": 0.01992137030936698}