{"acc": 0.9721805453300476, "prec0": 0.9737420678138733, "prec1": 0.7796609997749329, "rec0": 0.9981679916381836, "rec1": 0.19409282505512238, "auroc": 0.9772564563621746, "auprc": 0.5933158747374985, "minpse": 0.6099585062240664, "brier": 0.019269961549922363}