{"acc": 0.9751806855201721, "prec0": 0.9760470986366272, "prec1": 0.7407407164573669, "rec0": 0.9990193247795105, "rec1": 0.10256410390138626, "auroc": 0.982664109030038, "auprc": 0.6394559232960845, "minpse": 0.65, "brier": 0.015861615275190765}