{"acc": 0.9285421967506409, "prec0": 0.9368994832038879, "prec1": 0.7666666507720947, "rec0": 0.9873054027557373, "rec1": 0.3854748606681824, "auroc": 0.9435912070061624, "auprc": 0.6727799438081153, "minpse": 0.6185852981969486, "brier": 0.05018268640672182}