{"acc": 0.9754534363746643, "prec0": 0.9761839509010315, "prec1": 0.7777777910232544, "rec0": 0.9991594552993774, "rec1": 0.10769230872392654, "auroc": 0.9837992398933839, "auprc": 0.5928340724675482, "minpse": 0.5846153846153846, "brier": 0.01605094572963111}