{"acc": 0.9459975361824036, "prec0": 0.9481388330459595, "prec1": 0.8500000238418579, "rec0": 0.9964835047721863, "rec1": 0.26771652698516846, "auroc": 0.9529794352628999, "auprc": 0.6403489860224141, "minpse": 0.609375, "brier": 0.03818788420044691}