{"acc": 0.9266330003738403, "prec0": 0.9288838505744934, "prec1": 0.8617886304855347, "rec0": 0.9948617219924927, "rec1": 0.29608938097953796, "auroc": 0.9478985058799789, "auprc": 0.6975804923025246, "minpse": 0.6510344827586206, "brier": 0.05004625002302801}