{"acc": 0.9882721900939941, "prec0": 0.9886472225189209, "prec1": 0.8636363744735718, "rec0": 0.9995850920677185, "rec1": 0.18627451360225677, "auroc": 0.9915234244714343, "auprc": 0.5522338598511382, "minpse": 0.5, "brier": 0.008523527168704598}