{"acc": 0.9862266182899475, "prec0": 0.9866229891777039, "prec1": 0.5714285969734192, "rec0": 0.9995850920677185, "rec1": 0.03921568766236305, "auroc": 0.9899438962419431, "auprc": 0.5695864818666466, "minpse": 0.5882352941176471, "brier": 0.009584876268877537}