{"acc": 0.8902223110198975, "prec0": 0.8906484842300415, "prec1": 0.5, "rec0": 0.999387264251709, "rec1": 0.004968944005668163, "auroc": 0.7654740972475947, "auprc": 0.32991765801603146, "minpse": 0.35315985130111527, "brier": 0.09090690347333541}