{"acc": 0.9458611607551575, "prec0": 0.9495105147361755, "prec1": 0.8032786846160889, "rec0": 0.9947252869606018, "rec1": 0.2893700897693634, "auroc": 0.954717198811687, "auprc": 0.6430535298440355, "minpse": 0.6, "brier": 0.037975295506544646}