{"acc": 0.8903586268424988, "prec0": 0.8904501795768738, "prec1": 0.6666666865348816, "rec0": 0.9998468160629272, "rec1": 0.0024844720028340816, "auroc": 0.7393150194860554, "auprc": 0.28409917143034835, "minpse": 0.30350665054413545, "brier": 0.0919528806253915}