{"acc": 0.8904950022697449, "prec0": 0.8907849788665771, "prec1": 0.625, "rec0": 0.9995404481887817, "rec1": 0.006211180239915848, "auroc": 0.7558505739252223, "auprc": 0.31765976693899567, "minpse": 0.36149068322981365, "brier": 0.09132565328381052}