{"acc": 0.9754534363746643, "prec0": 0.9758394956588745, "prec1": 0.5714285969734192, "rec0": 0.9995805621147156, "rec1": 0.0220994483679533, "auroc": 0.9853813637880531, "auprc": 0.6511808027592687, "minpse": 0.6098901098901099, "brier": 0.01600054937829322}