{"acc": 0.9642711281776428, "prec0": 0.9662022590637207, "prec1": 0.7976190447807312, "rec0": 0.9975786805152893, "rec1": 0.21474358439445496, "auroc": 0.9741476121087288, "auprc": 0.6189986031014626, "minpse": 0.6217948717948718, "brier": 0.02428278337937066}