{"acc": 0.8821764588356018, "prec0": 0.8944478631019592, "prec1": 0.7786357998847961, "rec0": 0.9715043306350708, "rec1": 0.46646106243133545, "auroc": 0.9202323964207558, "auprc": 0.7408273399336759, "minpse": 0.6825757575757576, "brier": 0.08100150354513383}