{"acc": 0.8330833315849304, "prec0": 0.8467961549758911, "prec1": 0.7916666865348816, "rec0": 0.9246779084205627, "rec1": 0.631118893623352, "auroc": 0.8953397135570078, "auprc": 0.8139775943477584, "minpse": 0.7325174825174825, "brier": 0.11817573673712047}