{"acc": 0.9494068026542664, "prec0": 0.9541760087013245, "prec1": 0.7766497731208801, "rec0": 0.9935794472694397, "rec1": 0.3187499940395355, "auroc": 0.9507235274089207, "auprc": 0.6254801701830067, "minpse": 0.6066252587991718, "brier": 0.03637302108713406}