{"acc": 0.9975453615188599, "prec0": 0.9980894923210144, "prec1": 0.20000000298023224, "rec0": 0.9994534254074097, "rec1": 0.06666667014360428, "auroc": 0.999189213810695, "auprc": 0.5100660790815252, "minpse": 0.6875, "brier": 0.001830474605101105}