{"acc": 0.9691804051399231, "prec0": 0.9697798490524292, "prec1": 0.75, "rec0": 0.9992954730987549, "rec1": 0.06355932354927063, "auroc": 0.9784087571019504, "auprc": 0.597119119393663, "minpse": 0.5708502024291497, "brier": 0.020120909464612303}