{"acc": 0.9113596081733704, "prec0": 0.9171478152275085, "prec1": 0.8123456835746765, "rec0": 0.98818039894104, "rec1": 0.3643410801887512, "auroc": 0.9425496315202997, "auprc": 0.7059755352232306, "minpse": 0.6666666666666666, "brier": 0.06069228083720665}