{"acc": 0.997818112373352, "prec0": 0.9979541897773743, "prec1": 0.0, "rec0": 0.99986332654953, "rec1": 0.0, "auroc": 0.9941878473171176, "auprc": 0.3546046021174137, "minpse": 0.4117647058823529, "brier": 0.0019200746904711912}