{"acc": 0.9757261872291565, "prec0": 0.9761059284210205, "prec1": 0.6666666865348816, "rec0": 0.9995805621147156, "rec1": 0.033149171620607376, "auroc": 0.979477980891641, "auprc": 0.604339861107124, "minpse": 0.5966850828729282, "brier": 0.015240647403645103}