{"acc": 0.9274512529373169, "prec0": 0.9278209805488586, "prec1": 0.25, "rec0": 0.9995590448379517, "rec1": 0.0018867924809455872, "auroc": 0.8090750750917326, "auprc": 0.3204410715050164, "minpse": 0.3452830188679245, "brier": 0.06144334794833009}