{"acc": 0.9759989380836487, "prec0": 0.9766329526901245, "prec1": 0.6666666865348816, "rec0": 0.9993008971214294, "rec1": 0.05524861812591553, "auroc": 0.9536871809608565, "auprc": 0.6032537370681981, "minpse": 0.5891891891891892, "brier": 0.015732910223113693}