{"acc": 0.9884085655212402, "prec0": 0.9886782169342041, "prec1": 0.0, "rec0": 0.9997241497039795, "rec1": 0.0, "auroc": 0.9915521395928542, "auprc": 0.508051715397546, "minpse": 0.4857142857142857, "brier": 0.00805493497091403}