{"acc": 0.9274512529373169, "prec0": 0.9279377460479736, "prec1": 0.3333333432674408, "rec0": 0.9994120001792908, "rec1": 0.0037735849618911743, "auroc": 0.7926075898812677, "auprc": 0.2825736517352639, "minpse": 0.3433962264150943, "brier": 0.06222138846707415}