{"acc": 0.9458611607551575, "prec0": 0.9470914006233215, "prec1": 0.8672566413879395, "rec0": 0.9978111982345581, "rec1": 0.20416666567325592, "auroc": 0.9536545734228319, "auprc": 0.6367922016803043, "minpse": 0.6166666666666667, "brier": 0.03752903890165011}