{"acc": 0.9544524550437927, "prec0": 0.9551786184310913, "prec1": 0.8902438879013062, "rec0": 0.9987022280693054, "rec1": 0.18341708183288574, "auroc": 0.9672202033962167, "auprc": 0.666029043466119, "minpse": 0.6381418092909535, "brier": 0.030497047792653758}