{"acc": 0.8819037079811096, "prec0": 0.890129804611206, "prec1": 0.804809033870697, "rec0": 0.9771371483802795, "rec1": 0.4387046992778778, "auroc": 0.9199292806512251, "auprc": 0.7356441661197423, "minpse": 0.674633770239013, "brier": 0.08273903618773928}