{"acc": 0.9582708477973938, "prec0": 0.962466835975647, "prec1": 0.7771084308624268, "rec0": 0.99466472864151, "rec1": 0.3241206109523773, "auroc": 0.9606355497748293, "auprc": 0.6279458376572152, "minpse": 0.6019417475728155, "brier": 0.030156395254228183}