{"acc": 0.8348561525344849, "prec0": 0.846780002117157, "prec1": 0.7983379364013672, "rec0": 0.9278493523597717, "rec1": 0.629807710647583, "auroc": 0.8961032525452743, "auprc": 0.8170530620624774, "minpse": 0.7321974661424203, "brier": 0.11850586946099459}