{"acc": 0.8888585567474365, "prec0": 0.8891770243644714, "prec1": 0.5, "rec0": 0.9995397329330444, "rec1": 0.003680981695652008, "auroc": 0.7668376576803828, "auprc": 0.32864480987219735, "minpse": 0.35507246376811596, "brier": 0.09189755662354313}