{"acc": 0.946679413318634, "prec0": 0.9472591280937195, "prec1": 0.9082568883895874, "rec0": 0.9985407590866089, "rec1": 0.20624999701976776, "auroc": 0.9577356632131913, "auprc": 0.6758853665653956, "minpse": 0.6514522821576764, "brier": 0.036143924363274134}