{"acc": 0.8885858654975891, "prec0": 0.8890405297279358, "prec1": 0.3333333432674408, "rec0": 0.9993863105773926, "rec1": 0.002453987719491124, "auroc": 0.7816768853406424, "auprc": 0.35847085467023576, "minpse": 0.3815950920245399, "brier": 0.09014537505589616}