{"acc": 0.9116323590278625, "prec0": 0.9215514659881592, "prec1": 0.7684210538864136, "rec0": 0.9828926920890808, "rec1": 0.4042081832885742, "auroc": 0.9362650677110514, "auprc": 0.6903402787685604, "minpse": 0.6589403973509934, "brier": 0.06077497203253849}