{"acc": 0.9363152980804443, "prec0": 0.941870391368866, "prec1": 0.804713785648346, "rec0": 0.9913238883018494, "rec1": 0.3688271641731262, "auroc": 0.9482785765071978, "auprc": 0.6841543433668681, "minpse": 0.650231124807396, "brier": 0.045070681173764664}