{"acc": 0.9886813163757324, "prec0": 0.9889479875564575, "prec1": 0.5, "rec0": 0.9997241497039795, "rec1": 0.024096384644508362, "auroc": 0.9944437058579144, "auprc": 0.6375984287817128, "minpse": 0.6547619047619048, "brier": 0.00723841919314297}