{"acc": 0.9624983072280884, "prec0": 0.9643447399139404, "prec1": 0.7681159377098083, "rec0": 0.9977211356163025, "rec1": 0.16987179219722748, "auroc": 0.9688612733228885, "auprc": 0.5763398493755426, "minpse": 0.5833333333333334, "brier": 0.02506813602006759}