{"acc": 0.9882721900939941, "prec0": 0.9888100624084473, "prec1": 0.20000000298023224, "rec0": 0.999448299407959, "rec1": 0.012048192322254181, "auroc": 0.9893128375571251, "auprc": 0.5413449157469994, "minpse": 0.5764705882352941, "brier": 0.008395593261026436}