{"acc": 0.9712259769439697, "prec0": 0.9721612930297852, "prec1": 0.8048780560493469, "rec0": 0.9988727569580078, "rec1": 0.13983051478862762, "auroc": 0.9816704599460742, "auprc": 0.6309957220030817, "minpse": 0.620253164556962, "brier": 0.018877474361013395}