{"acc": 0.9758625626564026, "prec0": 0.9767282605171204, "prec1": 0.75, "rec0": 0.9990198612213135, "rec1": 0.10994764417409897, "auroc": 0.9818330032064582, "auprc": 0.5658153234698932, "minpse": 0.5916230366492147, "brier": 0.016163096676289176}