{"acc": 0.9746351838111877, "prec0": 0.9752664566040039, "prec1": 0.6666666865348816, "rec0": 0.999299943447113, "rec1": 0.052356019616127014, "auroc": 0.9809173959513886, "auprc": 0.5987257034826614, "minpse": 0.5685279187817259, "brier": 0.016182906701311995}