{"acc": 0.9764080047607422, "prec0": 0.976801335811615, "prec1": 0.4000000059604645, "rec0": 0.9995810389518738, "rec1": 0.011627906933426857, "auroc": 0.9796799849312977, "auprc": 0.589780628050279, "minpse": 0.5406976744186046, "brier": 0.015611188432923674}