{"acc": 0.9780444502830505, "prec0": 0.9785343408584595, "prec1": 0.7894737124443054, "rec0": 0.9994414448738098, "rec1": 0.0872092992067337, "auroc": 0.9875480233694788, "auprc": 0.6168081252956258, "minpse": 0.6104651162790697, "brier": 0.013873227964266748}