{"acc": 0.9783172011375427, "prec0": 0.9791951775550842, "prec1": 0.7407407164573669, "rec0": 0.9990224838256836, "rec1": 0.11627907305955887, "auroc": 0.9866890423904678, "auprc": 0.6270651970326827, "minpse": 0.627906976744186, "brier": 0.014121612758802507}