{"acc": 0.8880866169929504, "prec0": 0.8938627243041992, "prec1": 0.7638036608695984, "rec0": 0.9878683090209961, "rec1": 0.25062909722328186, "auroc": 0.8979490843626792, "auprc": 0.6129216815926197, "minpse": 0.5827881227981883}