{"acc": 0.8888359069824219, "prec0": 0.8927708864212036, "prec1": 0.7963272333145142, "rec0": 0.9903891682624817, "rec1": 0.24006038904190063, "auroc": 0.8979926953906869, "auprc": 0.6190717673519125, "minpse": 0.5792652239557121, "brier": 0.07831785476791615}