{"acc": 0.8899257779121399, "prec0": 0.8965492844581604, "prec1": 0.7601683139801025, "rec0": 0.9865290522575378, "rec1": 0.27277302742004395, "auroc": 0.8967251805080273, "auprc": 0.6110478751353875, "minpse": 0.5796882855706386, "brier": 0.07783615263275845}