{"acc": 0.9495431780815125, "prec0": 0.9517002105712891, "prec1": 0.828125, "rec0": 0.9968018531799316, "rec1": 0.23348017036914825, "auroc": 0.9486698327861146, "auprc": 0.61673396940038, "minpse": 0.5991189427312775, "brier": 0.035910263171440984}