{"acc": 0.9794081449508667, "prec0": 0.9799152612686157, "prec1": 0.7142857313156128, "rec0": 0.9994425773620605, "rec1": 0.06369426846504211, "auroc": 0.9786567397340037, "auprc": 0.5921495793337085, "minpse": 0.5950920245398773, "brier": 0.013456538717298312}