{"acc": 0.945452094078064, "prec0": 0.9460278153419495, "prec1": 0.8857142925262451, "rec0": 0.9988370537757874, "rec1": 0.13656388223171234, "auroc": 0.9532180876100602, "auprc": 0.6312276477873225, "minpse": 0.5995717344753747, "brier": 0.03725297180597487}