{"acc": 0.9794081449508667, "prec0": 0.9799152612686157, "prec1": 0.7142857313156128, "rec0": 0.9994425773620605, "rec1": 0.06369426846504211, "auroc": 0.9848331132082171, "auprc": 0.6414634553162482, "minpse": 0.6226415094339622, "brier": 0.013407521916464849}