{"acc": 0.9470884799957275, "prec0": 0.9477169513702393, "prec1": 0.8928571343421936, "rec0": 0.9986916780471802, "rec1": 0.16519823670387268, "auroc": 0.9540624501691607, "auprc": 0.6167131460002676, "minpse": 0.5838779956427015, "brier": 0.03686899209325701}