{"acc": 0.9695895314216614, "prec0": 0.9711340069770813, "prec1": 0.7758620977401733, "rec0": 0.9981633424758911, "rec1": 0.1764705926179886, "auroc": 0.9763968995340436, "auprc": 0.5954834210381574, "minpse": 0.5703125, "brier": 0.02054833846789796}