{"acc": 0.967953085899353, "prec0": 0.9682496190071106, "prec1": 0.8846153616905212, "rec0": 0.9995761513710022, "rec1": 0.09019608050584793, "auroc": 0.9760085102139188, "auprc": 0.6186053287876943, "minpse": 0.5962264150943396, "brier": 0.021385692606377925}