{"acc": 0.9663166403770447, "prec0": 0.9670450091362, "prec1": 0.699999988079071, "rec0": 0.9991523027420044, "rec1": 0.054901961237192154, "auroc": 0.9768689504623551, "auprc": 0.6559662403722204, "minpse": 0.6274509803921569, "brier": 0.020914926378510803}