{"acc": 0.9139506220817566, "prec0": 0.9144494533538818, "prec1": 0.0, "rec0": 0.9994035363197327, "rec1": 0.0, "auroc": 0.7918889794233163, "auprc": 0.29555965609173235, "minpse": 0.32193732193732194, "brier": 0.07258154200120422}