{"acc": 0.9142233729362488, "prec0": 0.9145858883857727, "prec1": 0.25, "rec0": 0.9995526671409607, "rec1": 0.0015948963118717074, "auroc": 0.7782550654487804, "auprc": 0.2703050086989532, "minpse": 0.3078149920255183, "brier": 0.0728458765964038}