{"acc": 0.9140869975090027, "prec0": 0.9144611358642578, "prec1": 0.0, "rec0": 0.9995526671409607, "rec1": 0.0, "auroc": 0.7905650917957259, "auprc": 0.31717138503543957, "minpse": 0.3535031847133758, "brier": 0.07221538859935403}