{"acc": 0.9933179020881653, "prec0": 0.9935888648033142, "prec1": 0.0, "rec0": 0.9997255206108093, "rec1": 0.0, "auroc": 0.9963906296540729, "auprc": 0.6709391365653209, "minpse": 0.6842105263157895, "brier": 0.004315743589292971}