{"acc": 0.9986363053321838, "prec0": 0.9987725019454956, "prec1": 0.0, "rec0": 0.9998634457588196, "rec1": 0.0, "auroc": 0.9995297044723588, "auprc": 0.5834531522160521, "minpse": 0.7777777777777778, "brier": 0.0010298401398638605}