{"acc": 0.8674485087394714, "prec0": 0.8674123287200928, "prec1": 1.0, "rec0": 1.0, "rec1": 0.002053388161584735, "auroc": 0.7625212596223303, "auprc": 0.3471038826399632, "minpse": 0.3803680981595092, "brier": 0.10580571129005287}