{"acc": 0.9624983072280884, "prec0": 0.9659249186515808, "prec1": 0.7902097702026367, "rec0": 0.9956989288330078, "rec1": 0.31564244627952576, "auroc": 0.9696638032878796, "auprc": 0.6431263216433443, "minpse": 0.6256983240223464, "brier": 0.02643480410361962}