{"acc": 0.9815900921821594, "prec0": 0.981845498085022, "prec1": 0.7142857313156128, "rec0": 0.9997220039367676, "rec1": 0.036231882870197296, "auroc": 0.9842543634367666, "auprc": 0.6592208041136655, "minpse": 0.6187050359712231, "brier": 0.011421990494049516}