{"acc": 0.8119459748268127, "prec0": 0.8117927312850952, "prec1": 0.8122822046279907, "rec0": 0.9046460390090942, "rec1": 0.6629932522773743, "auroc": 0.8849858746842253, "auprc": 0.8358464423403296, "minpse": 0.7476901208244492, "brier": 0.13329867231230239}