{"acc": 0.9240419864654541, "prec0": 0.9284074902534485, "prec1": 0.8402203917503357, "rec0": 0.9911165833473206, "rec1": 0.37935322523117065, "auroc": 0.9456862570285349, "auprc": 0.7161297685950389, "minpse": 0.667910447761194, "brier": 0.05357677944029001}