{"acc": 0.9481794834136963, "prec0": 0.9485675096511841, "prec1": 0.0, "rec0": 0.9995687007904053, "rec1": 0.0, "auroc": 0.8482072992344452, "auprc": 0.2848815820504599, "minpse": 0.3567708333333333, "brier": 0.04473109016583605}