{"acc": 0.9339969754219055, "prec0": 0.9385309219360352, "prec1": 0.800000011920929, "rec0": 0.9928411841392517, "rec1": 0.30573248863220215, "auroc": 0.9473567591444733, "auprc": 0.6630377814133956, "minpse": 0.6153846153846154, "brier": 0.04531051524798153}