{"acc": 0.9682258367538452, "prec0": 0.9687713980674744, "prec1": 0.84375, "rec0": 0.9992935657501221, "rec1": 0.10588235408067703, "auroc": 0.9741252929541415, "auprc": 0.623595686281754, "minpse": 0.59765625, "brier": 0.020282509454377037}