{"acc": 0.9916814565658569, "prec0": 0.9922184348106384, "prec1": 0.5, "rec0": 0.9994499683380127, "rec1": 0.06557376682758331, "auroc": 0.9926261068729825, "auprc": 0.46734215136594065, "minpse": 0.45454545454545453, "brier": 0.006105521173693509}