{"acc": 0.8936721086502075, "prec0": 0.9090307950973511, "prec1": 0.6986940503120422, "rec0": 0.9745548963546753, "rec1": 0.3769501745700836, "auroc": 0.8834301802110759, "auprc": 0.6061431812040067, "minpse": 0.5608651911468813, "brier": 0.07844219751530711}