{"acc": 0.884204089641571, "prec0": 0.9089421033859253, "prec1": 0.6158192157745361, "rec0": 0.9625019431114197, "rec1": 0.38399598002433777, "auroc": 0.8646735528215581, "auprc": 0.5495943616909982, "minpse": 0.5289380976346251, "brier": 0.09358660961910328}