{"acc": 0.7723987698554993, "prec0": 0.6097046136856079, "prec1": 0.8291336894035339, "rec0": 0.554436445236206, "rec1": 0.8589938879013062, "auroc": 0.8185360553020997, "auprc": 0.9183760922074236, "minpse": 0.8384761904761905, "brier": 0.15874154222590586}