{"acc": 0.7985817790031433, "prec0": 0.698692798614502, "prec1": 0.8249181509017944, "rec0": 0.5127098560333252, "rec1": 0.9121569991111755, "auroc": 0.8528899441422472, "auprc": 0.9361757506577666, "minpse": 0.8582587159458944, "brier": 0.13636272077240655}