{"acc": 0.9455884099006653, "prec0": 0.9612424969673157, "prec1": 0.5968254208564758, "rec0": 0.9815219044685364, "rec1": 0.40869563817977905, "auroc": 0.9117558309452868, "auprc": 0.5173522307750423, "minpse": 0.5119305856832972, "brier": 0.0712074917649546}