{"acc": 0.9233601689338684, "prec0": 0.9497280716896057, "prec1": 0.5849056839942932, "rec0": 0.9670708179473877, "rec1": 0.47546011209487915, "auroc": 0.9051003532588983, "auprc": 0.5707065828895883, "minpse": 0.5405819295558959, "brier": 0.08169262071634666}