{"acc": 0.8652666211128235, "prec0": 0.9112955927848816, "prec1": 0.6274179816246033, "rec0": 0.9266799092292786, "rec1": 0.5778466463088989, "auroc": 0.879505608942925, "auprc": 0.6666175766276202, "minpse": 0.6052631578947368, "brier": 0.11063351251309587}