{"acc": 0.9945452213287354, "prec0": 0.9945444464683533, "prec1": 1.0, "rec0": 1.0, "rec1": 0.024390242993831635, "auroc": 0.9836205397160938, "auprc": 0.3408997495226706, "minpse": 0.33962264150943394, "brier": 0.04167662571618369}