{"acc": 0.9991818070411682, "prec0": 0.9991818070411682, "prec1": NaN, "rec0": 1.0, "rec1": 0.0, "auroc": 0.999181110959465, "auprc": 0.5940907676201793, "minpse": 0.5, "brier": 0.038299405259609155}