{"acc": 0.9705440998077393, "prec0": 0.9747030138969421, "prec1": 0.8033707737922668, "rec0": 0.9950064420700073, "rec1": 0.4413580298423767, "auroc": 0.9623684891911458, "auprc": 0.7021288873458835, "minpse": 0.6419753086419753, "brier": 0.02212306486286292}