{"acc": 0.7698076963424683, "prec0": 0.7783664464950562, "prec1": 0.7559757232666016, "rec0": 0.837529718875885, "rec1": 0.6785142421722412, "auroc": 0.8443763723747568, "auprc": 0.8168307959448626, "minpse": 0.7224711907810499, "brier": 0.15808627193155014}