{"acc": 0.9830901622772217, "prec0": 0.985027015209198, "prec1": 0.8666666746139526, "rec0": 0.9977531433105469, "rec1": 0.49056604504585266, "auroc": 0.976927132875656, "auprc": 0.7550215207295817, "minpse": 0.6666666666666666, "brier": 0.013135332633121687}