{"acc": 0.9901813864707947, "prec0": 0.9910369515419006, "prec1": 0.9135802388191223, "rec0": 0.9990269541740417, "rec1": 0.5323740839958191, "auroc": 0.9928407565857239, "auprc": 0.8407697289014376, "minpse": 0.762589928057554, "brier": 0.007210708380580874}