{"acc": 0.9599072933197021, "prec0": 0.9695147275924683, "prec1": 0.5824176073074341, "rec0": 0.9891567826271057, "rec1": 0.327160507440567, "auroc": 0.9121816923215126, "auprc": 0.4568923616850072, "minpse": 0.48493975903614456, "brier": 0.06328910243360063}