{"acc": 0.9826810359954834, "prec0": 0.9837098121643066, "prec1": 0.7142857313156128, "rec0": 0.9988879561424255, "rec1": 0.14388489723205566, "auroc": 0.9615986943556082, "auprc": 0.40595076883261044, "minpse": 0.40714285714285714, "brier": 0.049702895388778506}