{"acc": 0.998909056186676, "prec0": 0.9989041090011597, "prec1": 1.0, "rec0": 1.0, "rec1": 0.8048780560493469, "auroc": 1.0, "auprc": 1.0, "minpse": 1.0, "brier": 0.0008363838977145045}