{"acc": 0.7961270809173584, "prec0": 0.7982860803604126, "prec1": 0.7925952672958374, "rec0": 0.8629453778266907, "rec1": 0.7060518860816956, "auroc": 0.8736854674877907, "auprc": 0.8494044212609604, "minpse": 0.760806916426513, "brier": 0.14134226784194662}