{"acc": 0.9039956331253052, "prec0": 0.9072714447975159, "prec1": 0.8453608155250549, "rec0": 0.9905675053596497, "rec1": 0.3374485671520233, "auroc": 0.9321074992091078, "auprc": 0.7148968550939226, "minpse": 0.6646341463414634, "brier": 0.06621561130539176}