{"acc": 0.9513159394264221, "prec0": 0.9549650549888611, "prec1": 0.8087431788444519, "rec0": 0.9949001669883728, "rec1": 0.31489360332489014, "auroc": 0.9513168051934363, "auprc": 0.6446533000970699, "minpse": 0.6148936170212767, "brier": 0.03502826372555662}