{"acc": 0.836219847202301, "prec0": 0.8490501046180725, "prec1": 0.7880751490592957, "rec0": 0.9376311302185059, "rec1": 0.581818163394928, "auroc": 0.896739421073621, "auprc": 0.7955826545758541, "minpse": 0.7197513151602104, "brier": 0.11399835624731125}