{"acc": 0.9229510426521301, "prec0": 0.9261307120323181, "prec1": 0.8428571224212646, "rec0": 0.9933090209960938, "rec1": 0.3117569386959076, "auroc": 0.9432070746029757, "auprc": 0.6842591005915859, "minpse": 0.631439894319683, "brier": 0.05348995359841321}