{"acc": 0.9701350331306458, "prec0": 0.9713502526283264, "prec1": 0.7368420958518982, "rec0": 0.9985907673835754, "rec1": 0.1181434616446495, "auroc": 0.9773177020155172, "auprc": 0.5671553241339199, "minpse": 0.5984555984555985, "brier": 0.019830891797269455}