{"acc": 0.9611346125602722, "prec0": 0.9616490602493286, "prec1": 0.84375, "rec0": 0.9992883801460266, "rec1": 0.08794788271188736, "auroc": 0.9633487901150775, "auprc": 0.6195888477163813, "minpse": 0.6084142394822006, "brier": 0.025553950130970296}