{"acc": 0.9926360249519348, "prec0": 0.9929049015045166, "prec1": 0.5, "rec0": 0.9997252225875854, "rec1": 0.03703703731298447, "auroc": 0.9842927142006687, "auprc": 0.6281526661217005, "minpse": 0.6333333333333333, "brier": 0.00482007193859448}