{"acc": 0.978726327419281, "prec0": 0.9793462157249451, "prec1": 0.7727272510528564, "rec0": 0.9993021488189697, "rec1": 0.1011904776096344, "auroc": 0.9795990761971223, "auprc": 0.5936115312827569, "minpse": 0.5892857142857143, "brier": 0.014339712183365372}