{"acc": 0.9363152980804443, "prec0": 0.9399099349975586, "prec1": 0.8237885236740112, "rec0": 0.9940467476844788, "rec1": 0.30456027388572693, "auroc": 0.9535008893540754, "auprc": 0.6790890562204952, "minpse": 0.6384364820846905, "brier": 0.04406334648579577}