{"acc": 0.8804036378860474, "prec0": 0.8868940472602844, "prec1": 0.8135592937469482, "rec0": 0.9799966812133789, "rec1": 0.4112149477005005, "auroc": 0.9173779528451189, "auprc": 0.731252707638677, "minpse": 0.6822429906542056, "brier": 0.08273270764271469}