{"acc": 0.9849992990493774, "prec0": 0.9855132102966309, "prec1": 0.75, "rec0": 0.9994456171989441, "rec1": 0.10169491171836853, "auroc": 0.98325522393319, "auprc": 0.5868196412132936, "minpse": 0.5454545454545454, "brier": 0.009971430587996304}