{"acc": 0.9839083552360535, "prec0": 0.9843046069145203, "prec1": 0.5, "rec0": 0.9995841979980469, "rec1": 0.025423727929592133, "auroc": 0.9832152883000341, "auprc": 0.5490086576698914, "minpse": 0.55, "brier": 0.010550237651740341}