{"acc": 0.9806354641914368, "prec0": 0.9814283847808838, "prec1": 0.4000000059604645, "rec0": 0.9991658329963684, "rec1": 0.02857142873108387, "auroc": 0.9815048360509226, "auprc": 0.565080716879708, "minpse": 0.5602836879432624, "brier": 0.01248458086152756}