{"acc": 0.9807718396186829, "prec0": 0.9811681509017944, "prec1": 0.4000000059604645, "rec0": 0.9995829463005066, "rec1": 0.014285714365541935, "auroc": 0.9820291553295863, "auprc": 0.5942788599066348, "minpse": 0.5191256830601093, "brier": 0.012699817775596683}