{"acc": 0.7853538990020752, "prec0": 0.7644283175468445, "prec1": 0.7979466915130615, "rec0": 0.6948201656341553, "rec1": 0.849139928817749, "auroc": 0.8687672755768268, "auprc": 0.9068688154998894, "minpse": 0.8188137164040779, "brier": 0.14809263460575367}