{"acc": 0.950088620185852, "prec0": 0.9503410458564758, "prec1": 0.3333333432674408, "rec0": 0.9997129440307617, "rec1": 0.002739726100116968, "auroc": 0.843597541795763, "auprc": 0.2882521861366463, "minpse": 0.3524590163934426, "brier": 0.042985795521191764}