{"acc": 0.9492704272270203, "prec0": 0.950300395488739, "prec1": 0.1111111119389534, "rec0": 0.9988518953323364, "rec1": 0.002739726100116968, "auroc": 0.836857729267257, "auprc": 0.2786061574898701, "minpse": 0.32791327913279134, "brier": 0.04387541138560498}