{"acc": 0.9502249956130981, "prec0": 0.9502249956130981, "prec1": NaN, "rec0": 1.0, "rec1": 0.0, "auroc": 0.8367655269490273, "auprc": 0.2849631654947404, "minpse": 0.3150684931506849, "brier": 0.043598254103968836}