{"acc": 0.7800354361534119, "prec0": 0.738559901714325, "prec1": 0.8083008527755737, "rec0": 0.7241834402084351, "rec1": 0.8193863034248352, "auroc": 0.8645050271631388, "auprc": 0.9034474380844497, "minpse": 0.8138075313807531, "brier": 0.14910159722972585}