{"acc": 0.982135534286499, "prec0": 0.98264080286026, "prec1": 0.7647058963775635, "rec0": 0.9994438886642456, "rec1": 0.09285714477300644, "auroc": 0.9829189092570157, "auprc": 0.6307306752818994, "minpse": 0.6214285714285714, "brier": 0.011302354181893508}