{"acc": 0.9669985175132751, "prec0": 0.9741953611373901, "prec1": 0.5519999861717224, "rec0": 0.9920881390571594, "rec1": 0.2705882489681244, "auroc": 0.9340391935242591, "auprc": 0.43750819956612674, "minpse": 0.4666666666666667, "brier": 0.05846015606418087}