{"acc": 0.8280376195907593, "prec0": 0.847519040107727, "prec1": 0.7686361074447632, "rec0": 0.9178270101547241, "rec1": 0.6230975985527039, "auroc": 0.8848174980506824, "auprc": 0.7957461329546391, "minpse": 0.7133273703041145, "brier": 0.12094805516584728}