{"acc": 0.9397245049476624, "prec0": 0.9482932686805725, "prec1": 0.7871794700622559, "rec0": 0.9875506162643433, "rec1": 0.4609609544277191, "auroc": 0.9326709340208664, "auprc": 0.6994791905375906, "minpse": 0.6261261261261262, "brier": 0.045598268608927815}