{"acc": 0.9784535765647888, "prec0": 0.9816258549690247, "prec1": 0.8255033493041992, "rec0": 0.9963266253471375, "rec1": 0.48235294222831726, "auroc": 0.9746793433394833, "auprc": 0.7478331472548333, "minpse": 0.671875, "brier": 0.01606833014486545}