{"acc": 0.9946815967559814, "prec0": 0.9951810836791992, "prec1": 0.9428571462631226, "rec0": 0.9994469285011292, "rec1": 0.6534653306007385, "auroc": 0.9970633816700254, "auprc": 0.9044332882170562, "minpse": 0.8235294117647058, "brier": 0.004373984046498833}