{"acc": 0.9848629236221313, "prec0": 0.9864209294319153, "prec1": 0.8879310488700867, "rec0": 0.9981772303581238, "rec1": 0.5124378204345703, "auroc": 0.9818776281241018, "auprc": 0.7755340625066375, "minpse": 0.681592039800995, "brier": 0.011948593237595137}