{"acc": 0.8315832614898682, "prec0": 0.8400837779045105, "prec1": 0.8012461066246033, "rec0": 0.9378288984298706, "rec1": 0.5840145349502563, "auroc": 0.8950092056777286, "auprc": 0.806369325895208, "minpse": 0.7257039055404177, "brier": 0.11736562876302489}