{"acc": 0.9840447306632996, "prec0": 0.9847015142440796, "prec1": 0.5833333134651184, "rec0": 0.9993069171905518, "rec1": 0.05882352963089943, "auroc": 0.9896489785268141, "auprc": 0.5586552037403612, "minpse": 0.544, "brier": 0.01087668713769625}