{"acc": 0.910814106464386, "prec0": 0.9112991094589233, "prec1": 0.20000000298023224, "rec0": 0.9994013905525208, "rec1": 0.0015360983088612556, "auroc": 0.7855173883478137, "auprc": 0.29309219689406985, "minpse": 0.34101382488479265, "brier": 0.07522086319741975}