{"acc": 0.9833628535270691, "prec0": 0.9838973879814148, "prec1": 0.20000000298023224, "rec0": 0.9994454979896545, "rec1": 0.008403361774981022, "auroc": 0.9902209289593298, "auprc": 0.6051514346940964, "minpse": 0.6302521008403361, "brier": 0.010590949949562787}