{"acc": 0.9293604493141174, "prec0": 0.9332201480865479, "prec1": 0.8264151215553284, "rec0": 0.993074357509613, "rec1": 0.31693199276924133, "auroc": 0.9422867504121254, "auprc": 0.6546585027861437, "minpse": 0.6158273381294964, "brier": 0.0505941686356187}