{"acc": 0.9484521746635437, "prec0": 0.9524479508399963, "prec1": 0.8222222328186035, "rec0": 0.9941262602806091, "rec1": 0.3537285029888153, "auroc": 0.9511438582896035, "auprc": 0.6524100147801022, "minpse": 0.6068702290076335, "brier": 0.038479462695936634}