{"acc": 0.9964543581008911, "prec0": 0.9969978332519531, "prec1": 0.20000000298023224, "rec0": 0.9994528293609619, "rec1": 0.043478261679410934, "auroc": 0.9980223636471778, "auprc": 0.5029517643130252, "minpse": 0.6521739130434783, "brier": 0.0025855350972646047}