{"acc": 0.9290876984596252, "prec0": 0.932589054107666, "prec1": 0.8326848149299622, "rec0": 0.993526041507721, "rec1": 0.3096960783004761, "auroc": 0.9446135215492691, "auprc": 0.6754936131637299, "minpse": 0.6410998552821997, "brier": 0.04945915684921914}