{"acc": 0.7863084673881531, "prec0": 0.7604790329933167, "prec1": 0.8275495767593384, "rec0": 0.8756384253501892, "rec1": 0.6839332580566406, "auroc": 0.8679784996187123, "auprc": 0.8622887028969248, "minpse": 0.7698830409356725, "brier": 0.14864971799261975}