{"acc": 0.9420428276062012, "prec0": 0.9432181119918823, "prec1": 0.8769230842590332, "rec0": 0.9976505041122437, "rec1": 0.2179732322692871, "auroc": 0.9480145326718386, "auprc": 0.6542677949987563, "minpse": 0.6242884250474383, "brier": 0.039981025844657944}