{"acc": 0.882449209690094, "prec0": 0.8926194906234741, "prec1": 0.7891817092895508, "rec0": 0.9748926162719727, "rec1": 0.44487881660461426, "auroc": 0.91894496314509, "auprc": 0.730158665643084, "minpse": 0.6724003127443315, "brier": 0.08145215639235283}