{"acc": 0.9912723302841187, "prec0": 0.991676926612854, "prec1": 0.25, "rec0": 0.9995874166488647, "rec1": 0.016129031777381897, "auroc": 0.9944731833487872, "auprc": 0.5945226390165842, "minpse": 0.6612903225806451, "brier": 0.005685518829637611}