{"acc": 0.9570435285568237, "prec0": 0.95860356092453, "prec1": 0.8255813717842102, "rec0": 0.997845470905304, "rec1": 0.19137465953826904, "auroc": 0.9589905075763618, "auprc": 0.6031390003846451, "minpse": 0.5983827493261455, "brier": 0.029986359469376705}