{"acc": 0.971635103225708, "prec0": 0.972161591053009, "prec1": 0.20000000298023224, "rec0": 0.9994388222694397, "rec1": 0.004878048785030842, "auroc": 0.9158618707399194, "auprc": 0.3839342686814482, "minpse": 0.4195121951219512, "brier": 0.02416148051110231}