{"acc": 0.907404899597168, "prec0": 0.9120610356330872, "prec1": 0.8233765959739685, "rec0": 0.9893832802772522, "rec1": 0.3415948152542114, "auroc": 0.9354491372580689, "auprc": 0.6994453921135407, "minpse": 0.6454741379310345, "brier": 0.06382816322097556}