{"acc": 0.9967271089553833, "prec0": 0.996863067150116, "prec1": 0.0, "rec0": 0.9998632073402405, "rec1": 0.0, "auroc": 0.998007494200916, "auprc": 0.4483570577005129, "minpse": 0.5384615384615384, "brier": 0.002304374164932328}