{"acc": 0.9549979567527771, "prec0": 0.9559956192970276, "prec1": 0.8360655903816223, "rec0": 0.9985636472702026, "rec1": 0.13746631145477295, "auroc": 0.9578137304473805, "auprc": 0.5836277934713596, "minpse": 0.5736842105263158, "brier": 0.03090499568043184}