{"acc": 0.8322650790214539, "prec0": 0.8491140007972717, "prec1": 0.7783505320549011, "rec0": 0.9245761036872864, "rec1": 0.6171662211418152, "auroc": 0.8916059548635912, "auprc": 0.7976196326498729, "minpse": 0.7211625794732062, "brier": 0.11912679178881193}