{"acc": 0.9916814565658569, "prec0": 0.9922173619270325, "prec1": 0.5555555820465088, "rec0": 0.9994498491287231, "rec1": 0.08064515888690948, "auroc": 0.9886091898438781, "auprc": 0.5579006567268471, "minpse": 0.5967741935483871, "brier": 0.0055777629586107125}