{"acc": 0.9444974660873413, "prec0": 0.9490812420845032, "prec1": 0.7843137383460999, "rec0": 0.9935389161109924, "rec1": 0.3059273362159729, "auroc": 0.9462232180209623, "auprc": 0.631062293372374, "minpse": 0.5869980879541109, "brier": 0.039524405779625134}