{"acc": 0.958543598651886, "prec0": 0.9618479609489441, "prec1": 0.7680000066757202, "rec0": 0.9958345293998718, "rec1": 0.25876009464263916, "auroc": 0.9624573444908091, "auprc": 0.6052066116748415, "minpse": 0.5900783289817232, "brier": 0.029165410427442792}