{"acc": 0.9106777310371399, "prec0": 0.9112870097160339, "prec1": 0.1666666716337204, "rec0": 0.9992517232894897, "rec1": 0.0015360983088612556, "auroc": 0.7597626840754743, "auprc": 0.2611275532750249, "minpse": 0.2980030721966206, "brier": 0.0760412687717246}