{"acc": 0.8726305961608887, "prec0": 0.8738317489624023, "prec1": 0.8556700944900513, "rec0": 0.9884374141693115, "rec1": 0.32447224855422974, "auroc": 0.9198829636735628, "auprc": 0.7375402602673419, "minpse": 0.6822066822066822, "brier": 0.08498154321364226}