{"acc": 0.9712259769439697, "prec0": 0.9721501469612122, "prec1": 0.125, "rec0": 0.9990179538726807, "rec1": 0.004878048785030842, "auroc": 0.9001621910158495, "auprc": 0.30275796097515406, "minpse": 0.33658536585365856, "brier": 0.025026016058717036}