{"acc": 0.7833083271980286, "prec0": 0.7667965888977051, "prec1": 0.8075370192527771, "rec0": 0.8539325594902039, "rec1": 0.7023705244064331, "auroc": 0.869363787623201, "auprc": 0.8633224841684874, "minpse": 0.7714369329821481, "brier": 0.1476812506097927}