{"acc": 0.9109504818916321, "prec0": 0.9113112092018127, "prec1": 0.25, "rec0": 0.9995510578155518, "rec1": 0.0015360983088612556, "auroc": 0.7997810105880898, "auprc": 0.3255280946526267, "minpse": 0.36447166921898927, "brier": 0.07471492194570693}