{"acc": 0.9095867872238159, "prec0": 0.9181473851203918, "prec1": 0.783725917339325, "rec0": 0.9842310547828674, "rec1": 0.3943965435028076, "auroc": 0.9364005424102937, "auprc": 0.7046719191290232, "minpse": 0.6528221512247071, "brier": 0.062154122463741406}