{"acc": 0.7879449129104614, "prec0": 0.770570695400238, "prec1": 0.8134680390357971, "rec0": 0.8585290908813477, "rec1": 0.7070529460906982, "auroc": 0.8697881962536055, "auprc": 0.8641762440022991, "minpse": 0.7703097603740503, "brier": 0.14781190903964908}