{"acc": 0.9701350331306458, "prec0": 0.9701350331306458, "prec1": NaN, "rec0": 1.0, "rec1": 0.0, "auroc": 0.9799434005620149, "auprc": 0.5811980785657449, "minpse": 0.5669642857142857, "brier": 0.019208687764968174}