{"acc": 0.9779080748558044, "prec0": 0.9808987379074097, "prec1": 0.5892857313156128, "rec0": 0.9967881441116333, "rec1": 0.19186046719551086, "auroc": 0.9517687863524322, "auprc": 0.3855355952882163, "minpse": 0.4180790960451977, "brier": 0.05252687327141859}