{"acc": 0.9578617215156555, "prec0": 0.9631147384643555, "prec1": 0.8132295608520508, "rec0": 0.9930059909820557, "rec1": 0.4446808397769928, "auroc": 0.9438707717299983, "auprc": 0.681679941546808, "minpse": 0.625531914893617, "brier": 0.033299982216793256}