{"acc": 0.8629482984542847, "prec0": 0.9081946015357971, "prec1": 0.6186736226081848, "rec0": 0.9278401732444763, "rec1": 0.5552074909210205, "auroc": 0.8778730801736649, "auprc": 0.645290196976385, "minpse": 0.6021926389976507, "brier": 0.1119951023338259}