{"acc": 0.9344061017036438, "prec0": 0.9442116022109985, "prec1": 0.770531415939331, "rec0": 0.9856668710708618, "rec1": 0.45248228311538696, "auroc": 0.9293553675145633, "auprc": 0.6888632299321558, "minpse": 0.6226950354609929, "brier": 0.04924492839017696}