{"acc": 0.9960452914237976, "prec0": 0.9960452914237976, "prec1": NaN, "rec0": 1.0, "rec1": 0.0, "auroc": 0.9890707028741926, "auprc": 0.3734780191316623, "minpse": 0.3448275862068966, "brier": 0.04053164200955541}