{"acc": 0.9980908036231995, "prec0": 0.9980763792991638, "prec1": 1.0, "rec0": 1.0, "rec1": 0.7971014380455017, "auroc": 0.9990742514205453, "auprc": 0.9740613071200086, "minpse": 0.9285714285714286, "brier": 0.00187658331350237}