{"acc": 0.8932223916053772, "prec0": 0.9294441342353821, "prec1": 0.5910828113555908, "rec0": 0.9498985409736633, "rec1": 0.5010799169540405, "auroc": 0.8914069081434621, "auprc": 0.5977792243870931, "minpse": 0.5544768069039914, "brier": 0.09643281864011768}