{"acc": 0.9236329197883606, "prec0": 0.948897659778595, "prec1": 0.56611567735672, "rec0": 0.9686987400054932, "rec1": 0.43910256028175354, "auroc": 0.9029112252580727, "auprc": 0.5506515996687444, "minpse": 0.5128205128205128, "brier": 0.08106140575967824}