{"acc": 0.9725896716117859, "prec0": 0.9764229655265808, "prec1": 0.8060606122016907, "rec0": 0.9954487085342407, "rec1": 0.44039735198020935, "auroc": 0.9612680268366863, "auprc": 0.7054896783972427, "minpse": 0.6456953642384106, "brier": 0.02058141784611417}