{"acc": 0.9315423369407654, "prec0": 0.9527036547660828, "prec1": 0.5628140568733215, "rec0": 0.9743400812149048, "rec1": 0.4057970941066742, "auroc": 0.9024314527590946, "auprc": 0.5257664485987243, "minpse": 0.5018115942028986, "brier": 0.07744447486796681}