{"acc": 0.9701350331306458, "prec0": 0.9755355715751648, "prec1": 0.5714285969734192, "rec0": 0.9940844774246216, "rec1": 0.2403433471918106, "auroc": 0.934395816961857, "auprc": 0.42529266638288626, "minpse": 0.4393305439330544, "brier": 0.05698061384672218}