{"acc": 0.9826810359954834, "prec0": 0.9835863709449768, "prec1": 0.6818181872367859, "rec0": 0.9990274906158447, "rec1": 0.1111111119389534, "auroc": 0.959032858921717, "auprc": 0.3828799774776842, "minpse": 0.4244604316546763, "brier": 0.04961185074169464}