{"acc": 0.9479067325592041, "prec0": 0.9551856517791748, "prec1": 0.7796052694320679, "rec0": 0.990119457244873, "rec1": 0.42934781312942505, "auroc": 0.9378431636563372, "auprc": 0.6833104199734663, "minpse": 0.625, "brier": 0.03895624545589966}