{"acc": 0.9998636245727539, "prec0": 0.9998630881309509, "prec1": 1.0, "rec0": 1.0, "rec1": 0.9655172228813171, "auroc": 1.0, "auprc": 0.9999999999999998, "minpse": 1.0, "brier": 0.00033618393045838074}