{"acc": 0.9803627729415894, "prec0": 0.9835928678512573, "prec1": 0.8156028389930725, "rec0": 0.9963380098342896, "rec1": 0.4935622215270996, "auroc": 0.9759620383243668, "auprc": 0.7414287902229891, "minpse": 0.6581196581196581, "brier": 0.014945325036898383}