{"acc": 0.9624983072280884, "prec0": 0.9686357378959656, "prec1": 0.7668161392211914, "rec0": 0.9925061464309692, "rec1": 0.4340101480484009, "auroc": 0.954520282988157, "auprc": 0.6905438038234594, "minpse": 0.6303797468354431, "brier": 0.027522911123337032}