{"acc": 0.9138142466545105, "prec0": 0.9267030954360962, "prec1": 0.7597172856330872, "rec0": 0.9787732362747192, "rec1": 0.46436285972595215, "auroc": 0.9195451721439935, "auprc": 0.6914178880993773, "minpse": 0.6155507559395248, "brier": 0.06396254727595445}