{"acc": 0.9136778712272644, "prec0": 0.9423048496246338, "prec1": 0.564748227596283, "rec0": 0.9634882211685181, "rec1": 0.44539007544517517, "auroc": 0.90015023305384, "auprc": 0.5610786416886943, "minpse": 0.5198300283286119, "brier": 0.08562759612169576}