{"acc": 0.8849038481712341, "prec0": 0.9026576280593872, "prec1": 0.7514517903327942, "rec0": 0.9646631479263306, "rec1": 0.5066562294960022, "auroc": 0.9049909019343346, "auprc": 0.719973751187391, "minpse": 0.6460454189506656, "brier": 0.08345180588266668}