{"acc": 0.9436792731285095, "prec0": 0.9515203833580017, "prec1": 0.7922437787055969, "rec0": 0.9888209700584412, "rec1": 0.4583333432674408, "auroc": 0.9363121104066103, "auprc": 0.7018542110721281, "minpse": 0.6314102564102564, "brier": 0.04262470074295108}