{"acc": 0.8069003224372864, "prec0": 0.8532906174659729, "prec1": 0.6857143044471741, "rec0": 0.8764284253120422, "rec1": 0.6414746642112732, "auroc": 0.8575491511294027, "auprc": 0.7460267106644302, "minpse": 0.6701980654076463, "brier": 0.13929504957249408}