{"acc": 0.9519978165626526, "prec0": 0.9652493000030518, "prec1": 0.5826771855354309, "rec0": 0.9847240447998047, "rec1": 0.3756345212459564, "auroc": 0.9167425637334188, "auprc": 0.49500776893048365, "minpse": 0.48258706467661694, "brier": 0.06759242940075826}