{"acc": 0.9987726807594299, "prec0": 0.9987726807594299, "prec1": NaN, "rec0": 1.0, "rec1": 0.0, "auroc": 0.9983918927119364, "auprc": 0.4444113963381961, "minpse": 0.3333333333333333, "brier": 0.03861906350223026}