{"acc": 0.862266480922699, "prec0": 0.9085385799407959, "prec1": 0.6355591416358948, "rec0": 0.9243234395980835, "rec1": 0.5864884853363037, "auroc": 0.8794464986477977, "auprc": 0.6745736278509896, "minpse": 0.6169265033407573, "brier": 0.11231638692116032}