{"acc": 0.787399411201477, "prec0": 0.8116186261177063, "prec1": 0.7428349852561951, "rec0": 0.8530973196029663, "rec1": 0.68183434009552, "auroc": 0.8532924726852886, "auprc": 0.801422196914796, "minpse": 0.7113000354233086, "brier": 0.1506867055136322}