{"acc": 0.9824082851409912, "prec0": 0.9837075471878052, "prec1": 0.6551724076271057, "rec0": 0.9986101388931274, "rec1": 0.13768115639686584, "auroc": 0.9620700768448299, "auprc": 0.40017501062750976, "minpse": 0.41379310344827586, "brier": 0.0496556056062339}