{"acc": 0.9290876984596252, "prec0": 0.9406071305274963, "prec1": 0.7762646079063416, "rec0": 0.9823862910270691, "rec1": 0.4962686598300934, "auroc": 0.929601113745105, "auprc": 0.7181046491458208, "minpse": 0.6480099502487562, "brier": 0.05278146738655698}