{"acc": 0.9089049696922302, "prec0": 0.9419393539428711, "prec1": 0.5968660712242126, "rec0": 0.9566549062728882, "rec1": 0.5211442708969116, "auroc": 0.9011911266153534, "auprc": 0.6022957656930374, "minpse": 0.5634328358208955, "brier": 0.08892151885086959}