{"acc": 0.8675848841667175, "prec0": 0.8678317666053772, "prec1": 0.6666666865348816, "rec0": 0.9995282292366028, "rec1": 0.006160164251923561, "auroc": 0.6430039979553305, "auprc": 0.22543125727053154, "minpse": 0.2546201232032854, "brier": 0.13056717825705394}