{"acc": 0.9854084253311157, "prec0": 0.9871155619621277, "prec1": 0.8782608509063721, "rec0": 0.9980389475822449, "rec1": 0.5206185579299927, "auroc": 0.9857534408786931, "auprc": 0.7861613427155111, "minpse": 0.7164948453608248, "brier": 0.011296229986745513}