{"acc": 0.8689485788345337, "prec0": 0.8700301647186279, "prec1": 0.6666666865348816, "rec0": 0.9979556798934937, "rec1": 0.02669404447078705, "auroc": 0.716034736132042, "auprc": 0.3095513164146322, "minpse": 0.3162217659137577, "brier": 0.10535726790121984}