{"acc": 0.9914087057113647, "prec0": 0.9918620586395264, "prec1": 0.9518072009086609, "rec0": 0.9994440674781799, "rec1": 0.5724637508392334, "auroc": 0.9929631084388314, "auprc": 0.8551697347866267, "minpse": 0.7697841726618705, "brier": 0.006869360557545096}