{"acc": 0.9937269687652588, "prec0": 0.9937261343002319, "prec1": 1.0, "rec0": 1.0, "rec1": 0.021276595070958138, "auroc": 0.9845900911687234, "auprc": 0.33988724612043814, "minpse": 0.3404255319148936, "brier": 0.042244598222987685}