{"acc": 0.967953085899353, "prec0": 0.9743518829345703, "prec1": 0.5833333134651184, "rec0": 0.992935836315155, "rec1": 0.27450981736183167, "auroc": 0.9350730515433073, "auprc": 0.44330765146624096, "minpse": 0.47058823529411764, "brier": 0.05835176244069535}