{"acc": 0.9734078645706177, "prec0": 0.9786324501037598, "prec1": 0.49367088079452515, "rec0": 0.994396984577179, "rec1": 0.2010309249162674, "auroc": 0.9511395947626151, "auprc": 0.40721856908237636, "minpse": 0.4517766497461929, "brier": 0.05395098692318686}