{"acc": 0.944088339805603, "prec0": 0.9613678455352783, "prec1": 0.5930232405662537, "rec0": 0.9795888662338257, "rec1": 0.4303797483444214, "auroc": 0.9139976242369661, "auprc": 0.5280059776694402, "minpse": 0.5153374233128835, "brier": 0.07164100304699769}