{"acc": 0.8048547506332397, "prec0": 0.8153972029685974, "prec1": 0.7836617231369019, "rec0": 0.8834070563316345, "rec1": 0.6786348819732666, "auroc": 0.8820365465018608, "auprc": 0.8364962734067471, "minpse": 0.7492007104795737, "brier": 0.13355794621283557}