{"acc": 0.967953085899353, "prec0": 0.9743518829345703, "prec1": 0.5833333134651184, "rec0": 0.992935836315155, "rec1": 0.27450981736183167, "auroc": 0.9350736055936928, "auprc": 0.4433152908490705, "minpse": 0.47058823529411764, "brier": 0.05835167590541298}