{"acc": 0.9746351838111877, "prec0": 0.9786589741706848, "prec1": 0.5571428537368774, "rec0": 0.9956576824188232, "rec1": 0.2010309249162674, "auroc": 0.9416765465722625, "auprc": 0.39615274349004637, "minpse": 0.4336734693877551, "brier": 0.054215777447982776}