{"acc": 0.8898131847381592, "prec0": 0.9276406764984131, "prec1": 0.585185170173645, "rec0": 0.9473931193351746, "rec1": 0.5010570883750916, "auroc": 0.8903679547283379, "auprc": 0.6013619129191334, "minpse": 0.5581395348837209, "brier": 0.09741347960072776}