{"acc": 0.9384971857070923, "prec0": 0.9583752155303955, "prec1": 0.5601093173027039, "rec0": 0.9764550924301147, "rec1": 0.4141414165496826, "auroc": 0.9080740130169788, "auprc": 0.5209552875065369, "minpse": 0.501010101010101, "brier": 0.07359375485913407}