{"acc": 0.9600436091423035, "prec0": 0.9659442901611328, "prec1": 0.7753304243087769, "rec0": 0.9926247000694275, "rec1": 0.42105263471603394, "auroc": 0.949886696627192, "auprc": 0.6799340869024321, "minpse": 0.638755980861244, "brier": 0.02965618394772043}