{"acc": 0.9489976763725281, "prec0": 0.9634405374526978, "prec1": 0.5797101259231567, "rec0": 0.9832248687744141, "rec1": 0.38277512788772583, "auroc": 0.9130016917663909, "auprc": 0.5017253406431055, "minpse": 0.49643705463182897, "brier": 0.06902044991257149}