{"acc": 0.9948179721832275, "prec0": 0.9948172569274902, "prec1": 1.0, "rec0": 1.0, "rec1": 0.025641025975346565, "auroc": 0.9845253914351804, "auprc": 0.3657930255501669, "minpse": 0.3382352941176471, "brier": 0.0414521248220557}