{"acc": 0.8045819997787476, "prec0": 0.8504672646522522, "prec1": 0.680786669254303, "rec0": 0.8778699636459351, "rec1": 0.6279069781303406, "auroc": 0.8556001058918018, "auprc": 0.740698385005192, "minpse": 0.6655874190564293, "brier": 0.13974740581574968}