{"acc": 0.9914087057113647, "prec0": 0.9915838837623596, "prec1": 0.9764705896377563, "rec0": 0.9997218251228333, "rec1": 0.5763888955116272, "auroc": 0.992528129395218, "auprc": 0.8429681893343042, "minpse": 0.7430555555555556, "brier": 0.007403901919896411}