{"acc": 0.9702713489532471, "prec0": 0.9749299883842468, "prec1": 0.7979274392127991, "rec0": 0.9944285750389099, "rec1": 0.462462455034256, "auroc": 0.956994851994852, "auprc": 0.7023284822072773, "minpse": 0.6576576576576577, "brier": 0.022739328595566054}