{"acc": 0.9584072232246399, "prec0": 0.969166100025177, "prec1": 0.5707070827484131, "rec0": 0.9878571629524231, "rec1": 0.33933934569358826, "auroc": 0.9183075933075934, "auprc": 0.47821010343231773, "minpse": 0.5015015015015015, "brier": 0.06360972474130155}