{"acc": 0.9855448007583618, "prec0": 0.987522542476654, "prec1": 0.8666666746139526, "rec0": 0.9977588057518005, "rec1": 0.5360824465751648, "auroc": 0.9825598606752801, "auprc": 0.7830593937073198, "minpse": 0.7076923076923077, "brier": 0.011454934466355428}