{"acc": 0.9124505519866943, "prec0": 0.941402792930603, "prec1": 0.5721738934516907, "rec0": 0.9627723693847656, "rec1": 0.45379310846328735, "auroc": 0.9001210653753028, "auprc": 0.5635058571802829, "minpse": 0.5198902606310014, "brier": 0.08664466906350565}