{"acc": 0.966725766658783, "prec0": 0.9739142656326294, "prec1": 0.5555555820465088, "rec0": 0.992084801197052, "rec1": 0.27131783962249756, "auroc": 0.9291034596104857, "auprc": 0.44195680965157996, "minpse": 0.45977011494252873, "brier": 0.05869914156178499}