{"acc": 0.8613118529319763, "prec0": 0.9072365164756775, "prec1": 0.6159169673919678, "rec0": 0.9265872836112976, "rec1": 0.5540856122970581, "auroc": 0.8759308154736171, "auprc": 0.6447150138060886, "minpse": 0.598443579766537, "brier": 0.11261626446602077}