{"acc": 0.9814537167549133, "prec0": 0.9827515482902527, "prec1": 0.6428571343421936, "rec0": 0.9986090064048767, "rec1": 0.125, "auroc": 0.957566343642293, "auprc": 0.38546135698169226, "minpse": 0.4236111111111111, "brier": 0.05032179324799658}