{"acc": 0.9915450811386108, "prec0": 0.991948664188385, "prec1": 0.4000000059604645, "rec0": 0.9995874762535095, "rec1": 0.032786883413791656, "auroc": 0.9902703385092607, "auprc": 0.38622668714195596, "minpse": 0.38461538461538464, "brier": 0.006573663218597665}