{"acc": 0.9914087057113647, "prec0": 0.9916791915893555, "prec1": 0.0, "rec0": 0.9997249841690063, "rec1": 0.0, "auroc": 0.9780225973417014, "auprc": 0.5331541626018713, "minpse": 0.5625, "brier": 0.006211544415615963}