{"acc": 0.9776353240013123, "prec0": 0.9803652167320251, "prec1": 0.5799999833106995, "rec0": 0.9970674514770508, "rec1": 0.16860465705394745, "auroc": 0.954149251598614, "auprc": 0.3986205957845856, "minpse": 0.4277456647398844, "brier": 0.05237520618802974}