{"acc": 0.9986363053321838, "prec0": 0.9986363053321838, "prec1": NaN, "rec0": 1.0, "rec1": 0.0, "auroc": 0.9976922026491875, "auprc": 0.46804175953216454, "minpse": 0.4, "brier": 0.0387075914549373}