{"acc": 0.9811809659004211, "prec0": 0.9827420711517334, "prec1": 0.625, "rec0": 0.998330295085907, "rec1": 0.13698630034923553, "auroc": 0.9574050178118406, "auprc": 0.38512172966461206, "minpse": 0.4339622641509434, "brier": 0.050470202712911125}