{"acc": 0.9779080748558044, "prec0": 0.9808066487312317, "prec1": 0.8321678042411804, "rec0": 0.9966082572937012, "rec1": 0.4630350172519684, "auroc": 0.968263412466759, "auprc": 0.7265855127428201, "minpse": 0.6653696498054474, "brier": 0.016840180146886315}