{"acc": 0.9270421266555786, "prec0": 0.952012836933136, "prec1": 0.5681341886520386, "rec0": 0.969404399394989, "rec1": 0.4516666531562805, "auroc": 0.9033583345710183, "auprc": 0.5525128038220714, "minpse": 0.5216666666666666, "brier": 0.07924930298434145}