{"acc": 0.9487249255180359, "prec0": 0.9628737568855286, "prec1": 0.5869565010070801, "rec0": 0.9834997653961182, "rec1": 0.3820754587650299, "auroc": 0.9108631208404678, "auprc": 0.4942996628812958, "minpse": 0.49056603773584906, "brier": 0.06968718779052294}