{"acc": 0.8997681736946106, "prec0": 0.9355133175849915, "prec1": 0.5897097587585449, "rec0": 0.9518724679946899, "rec1": 0.5132032036781311, "auroc": 0.8959477308124048, "auprc": 0.5971442168992332, "minpse": 0.5545350172215844, "brier": 0.09326848636860087}