{"acc": 0.9931815266609192, "prec0": 0.9931805729866028, "prec1": 1.0, "rec0": 1.0, "rec1": 0.019607843831181526, "auroc": 0.9812403401349553, "auprc": 0.34977296255637896, "minpse": 0.3389830508474576, "brier": 0.04257257820187905}