{"acc": 0.8831310272216797, "prec0": 0.9007387161254883, "prec1": 0.7461077570915222, "rec0": 0.9650453329086304, "rec1": 0.49132493138313293, "auroc": 0.90466905578629, "auprc": 0.7173626972306828, "minpse": 0.6435331230283912, "brier": 0.08347261156485493}