{"acc": 0.95963454246521, "prec0": 0.9656386375427246, "prec1": 0.7758620977401733, "rec0": 0.9924736022949219, "rec1": 0.4245283007621765, "auroc": 0.9496568599338571, "auprc": 0.6824667115834069, "minpse": 0.634032634032634, "brier": 0.029969490565716943}