{"acc": 0.9900450110435486, "prec0": 0.9908915162086487, "prec1": 0.9195402264595032, "rec0": 0.9990260004997253, "rec1": 0.5479452013969421, "auroc": 0.9912113004644993, "auprc": 0.8309677585087942, "minpse": 0.7414965986394558, "brier": 0.007865512262341062}