{"acc": 0.865675687789917, "prec0": 0.9094132781028748, "prec1": 0.6253321766853333, "rec0": 0.9302555918693542, "rec1": 0.5567823052406311, "auroc": 0.878208342327207, "auprc": 0.6454404971352746, "minpse": 0.5932864949258392, "brier": 0.1116574187420232}