{"acc": 0.9987726807594299, "prec0": 0.9987655878067017, "prec1": 1.0, "rec0": 1.0, "rec1": 0.8235294222831726, "auroc": 1.0, "auprc": 1.0, "minpse": 1.0, "brier": 0.0010480987515659144}