{"acc": 0.9849992990493774, "prec0": 0.986568808555603, "prec1": 0.8828828930854797, "rec0": 0.9981787800788879, "rec1": 0.5025641322135925, "auroc": 0.9841304394680691, "auprc": 0.7878800243560524, "minpse": 0.7128205128205128, "brier": 0.011347731576982259}