{"acc": 0.9672712683677673, "prec0": 0.9736696481704712, "prec1": 0.5726495981216431, "rec0": 0.9929338693618774, "rec1": 0.26070037484169006, "auroc": 0.9308739136842245, "auprc": 0.43878171042802433, "minpse": 0.4708171206225681, "brier": 0.058639596406653074}