{"acc": 0.9521341919898987, "prec0": 0.958758533000946, "prec1": 0.7833935022354126, "rec0": 0.9912087917327881, "rec1": 0.42716535925865173, "auroc": 0.9384321190620404, "auprc": 0.6744373263161187, "minpse": 0.6161417322834646, "brier": 0.03645140247314661}