{"acc": 0.9207691550254822, "prec0": 0.9324900507926941, "prec1": 0.7715355753898621, "rec0": 0.9811204075813293, "rec1": 0.4730195105075836, "auroc": 0.922907958599972, "auprc": 0.6998249554282907, "minpse": 0.6337543053960965, "brier": 0.05943243900415474}