{"acc": 0.9384971857070923, "prec0": 0.9560675621032715, "prec1": 0.582608699798584, "rec0": 0.9789010882377625, "rec1": 0.39566928148269653, "auroc": 0.9031816215280782, "auprc": 0.5127168036365184, "minpse": 0.49019607843137253, "brier": 0.07499596123742158}