{"acc": 0.9476339817047119, "prec0": 0.9551254510879517, "prec1": 0.8016759753227234, "rec0": 0.9894549250602722, "rec1": 0.47833332419395447, "auroc": 0.9379459379177185, "auprc": 0.7058209657687605, "minpse": 0.64, "brier": 0.040577140321407676}