{"acc": 0.8904950022697449, "prec0": 0.8907849788665771, "prec1": 0.625, "rec0": 0.9995404481887817, "rec1": 0.006211180239915848, "auroc": 0.6519605940202168, "auprc": 0.19999341458183306, "minpse": 0.23172242874845106, "brier": 0.11635263983967736}