{"acc": 0.8034910559654236, "prec0": 0.8455300331115723, "prec1": 0.7024140954017639, "rec0": 0.8723107576370239, "rec1": 0.6541288495063782, "auroc": 0.8574678372545271, "auprc": 0.7624785050854828, "minpse": 0.6792044963251189, "brier": 0.14160054974668607}