{"acc": 0.8276285529136658, "prec0": 0.8339900374412537, "prec1": 0.8028075098991394, "rec0": 0.9428626894950867, "rec1": 0.5534562468528748, "auroc": 0.8905949011532787, "auprc": 0.7925180222014359, "minpse": 0.7125748502994012, "brier": 0.11934258138918226}