{"acc": 0.9570435285568237, "prec0": 0.9601278305053711, "prec1": 0.7925925850868225, "rec0": 0.9959648251533508, "rec1": 0.27157360315322876, "auroc": 0.9589036586409633, "auprc": 0.6095593467787144, "minpse": 0.5888324873096447, "brier": 0.030748436082228575}