{"acc": 0.9774989485740662, "prec0": 0.9777383208274841, "prec1": 0.8181818127632141, "rec0": 0.9997206926345825, "rec1": 0.05232558026909828, "auroc": 0.9728462959895817, "auprc": 0.5271156697569909, "minpse": 0.5172413793103449, "brier": 0.015299119652554689}