{"acc": 0.9480431079864502, "prec0": 0.9505143165588379, "prec1": 0.8201438784599304, "rec0": 0.996357262134552, "rec1": 0.24255318939685822, "auroc": 0.9543432095014588, "auprc": 0.6303819904378305, "minpse": 0.6063829787234043, "brier": 0.036361504226630335}