{"acc": 0.9710896015167236, "prec0": 0.9715224504470825, "prec1": 0.8620689511299133, "rec0": 0.999436616897583, "rec1": 0.10729613900184631, "auroc": 0.9787329988514779, "auprc": 0.6585434639074754, "minpse": 0.6223175965665236, "brier": 0.019052810051699145}