{"acc": 0.9404063820838928, "prec0": 0.943264365196228, "prec1": 0.8248587846755981, "rec0": 0.9954283833503723, "rec1": 0.2644927501678467, "auroc": 0.9479128596739824, "auprc": 0.6485890297893249, "minpse": 0.6123188405797102, "brier": 0.04168290552301482}