{"acc": 0.9075412750244141, "prec0": 0.9219325184822083, "prec1": 0.7279411554336548, "rec0": 0.9769002795219421, "rec1": 0.42764580249786377, "auroc": 0.9334508928375789, "auprc": 0.6810714821983047, "minpse": 0.6458557588805167, "brier": 0.06308777609951051}