{"acc": 0.9841811060905457, "prec0": 0.9848028421401978, "prec1": 0.8275862336158752, "rec0": 0.9993053674697876, "rec1": 0.17777778208255768, "auroc": 0.986078437426034, "auprc": 0.6450659024853567, "minpse": 0.6074074074074074, "brier": 0.010504936572618181}