{"acc": 0.9083594679832458, "prec0": 0.9087187647819519, "prec1": 0.25, "rec0": 0.9995497465133667, "rec1": 0.0014925373252481222, "auroc": 0.7811574724307324, "auprc": 0.289947685085744, "minpse": 0.32985074626865674, "brier": 0.07703893363531518}