{"acc": 0.8819037079811096, "prec0": 0.8903429508209229, "prec1": 0.800000011920929, "rec0": 0.9773778319358826, "rec1": 0.42913076281547546, "auroc": 0.919038917893966, "auprc": 0.7267766714086834, "minpse": 0.6731517509727627, "brier": 0.08178623846180738}