{"acc": 0.9954997897148132, "prec0": 0.9960431456565857, "prec1": 0.0, "rec0": 0.9994523525238037, "rec1": 0.0, "auroc": 0.9956400838463573, "auprc": 0.3858838098745832, "minpse": 0.5, "brier": 0.003438907425880144}