{"acc": 0.9333151578903198, "prec0": 0.9409567713737488, "prec1": 0.7903226017951965, "rec0": 0.9882317185401917, "rec1": 0.4170212745666504, "auroc": 0.945523611414288, "auprc": 0.6787229831026007, "minpse": 0.624113475177305, "brier": 0.04884653571002482}