{"acc": 0.7789444923400879, "prec0": 0.7396329045295715, "prec1": 0.8052835464477539, "rec0": 0.717914879322052, "rec1": 0.8219432830810547, "auroc": 0.8596725054492697, "auprc": 0.8997616538877723, "minpse": 0.8119479311947931, "brier": 0.1502292723188175}