{"acc": 0.9968634843826294, "prec0": 0.9968634843826294, "prec1": NaN, "rec0": 1.0, "rec1": 0.0, "auroc": 0.9929161958008683, "auprc": 0.4239908888383351, "minpse": 0.34782608695652173, "brier": 0.03996849069058199}