{"acc": 0.9704077243804932, "prec0": 0.9748181104660034, "prec1": 0.800000011920929, "rec0": 0.994718074798584, "rec1": 0.45121949911117554, "auroc": 0.9634429240438014, "auprc": 0.7076738817487641, "minpse": 0.6371951219512195, "brier": 0.022271983086759865}