{"acc": 0.9998636245727539, "prec0": 0.9998636245727539, "prec1": NaN, "rec0": 1.0, "rec1": 0.0, "auroc": 1.0, "auprc": 1.0, "minpse": 1.0, "brier": 0.0377901783325734}