{"acc": 0.7928542494773865, "prec0": 0.826309323310852, "prec1": 0.7259713411331177, "rec0": 0.8577192425727844, "rec1": 0.6764481663703918, "auroc": 0.8578983582294413, "auprc": 0.7917900865709828, "minpse": 0.7092225609756098, "brier": 0.14616327292566594}