{"acc": 0.9507704973220825, "prec0": 0.9509897828102112, "prec1": 0.75, "rec0": 0.9997129440307617, "rec1": 0.016438355669379234, "auroc": 0.8127129106836734, "auprc": 0.24598816794012376, "minpse": 0.3041095890410959, "brier": 0.04227753118751417}