{"acc": 0.8629482984542847, "prec0": 0.9080629348754883, "prec1": 0.6393176317214966, "rec0": 0.9258145093917847, "rec1": 0.5838279128074646, "auroc": 0.878469913656545, "auprc": 0.6691366949132929, "minpse": 0.6152705707931801, "brier": 0.11289683172220748}