{"acc": 0.9751806855201721, "prec0": 0.9801434278488159, "prec1": 0.5308641791343689, "rec0": 0.9946823120117188, "rec1": 0.22994652390480042, "auroc": 0.9586642839717369, "auprc": 0.4129591374628, "minpse": 0.44919786096256686, "brier": 0.05325246702982313}