{"acc": 0.988135814666748, "prec0": 0.9881277084350586, "prec1": 1.0, "rec0": 1.0, "rec1": 0.054347824305295944, "auroc": 0.9697555586244994, "auprc": 0.3577489162099988, "minpse": 0.3763440860215054, "brier": 0.04612300213185104}