{"acc": 0.9016773700714111, "prec0": 0.9378324747085571, "prec1": 0.5862069129943848, "rec0": 0.9518666863441467, "rec1": 0.5193889737129211, "auroc": 0.8987526154865811, "auprc": 0.6024921561485325, "minpse": 0.5605170387779084, "brier": 0.09161014350153997}