{"acc": 0.9909995794296265, "prec0": 0.9913139343261719, "prec1": 0.9624999761581421, "rec0": 0.9995829463005066, "rec1": 0.550000011920929, "auroc": 0.9921034338940636, "auprc": 0.842708642190941, "minpse": 0.7375886524822695, "brier": 0.007271291200928057}