{"acc": 0.9323605895042419, "prec0": 0.9553688168525696, "prec1": 0.5648148059844971, "rec0": 0.9722754955291748, "rec1": 0.4420289993286133, "auroc": 0.9065443406448965, "auprc": 0.5476281104846207, "minpse": 0.5135623869801085, "brier": 0.07635950939870244}