{"acc": 0.9987726807594299, "prec0": 0.9991814494132996, "prec1": 0.0, "rec0": 0.9995905756950378, "rec1": 0.0, "auroc": 0.9974750921250171, "auprc": 0.3480154685636631, "minpse": 0.625, "brier": 0.000805146969133287}