{"acc": 0.959770917892456, "prec0": 0.9609353542327881, "prec1": 0.8253968358039856, "rec0": 0.9984278678894043, "rec1": 0.1547619104385376, "auroc": 0.9509934529764458, "auprc": 0.5615637269383671, "minpse": 0.5654761904761905, "brier": 0.02926917640584498}