{"acc": 0.9365880489349365, "prec0": 0.9367157816886902, "prec1": 0.0, "rec0": 0.9998544454574585, "rec1": 0.0, "auroc": 0.816047296449315, "auprc": 0.27464592566081725, "minpse": 0.32903225806451614, "brier": 0.055003002870553305}