{"acc": 0.9599072933197021, "prec0": 0.9614484310150146, "prec1": 0.800000011920929, "rec0": 0.9979991316795349, "rec1": 0.1666666716337204, "auroc": 0.9661581153827832, "auprc": 0.6227577692046319, "minpse": 0.6101190476190477, "brier": 0.026511329364572955}