{"acc": 0.9367244243621826, "prec0": 0.937082052230835, "prec1": 0.5, "rec0": 0.9995632767677307, "rec1": 0.006465517450124025, "auroc": 0.8336107436709654, "auprc": 0.32047533475483786, "minpse": 0.3659574468085106, "brier": 0.053638216324007656}