{"acc": 0.9012682437896729, "prec0": 0.911084771156311, "prec1": 0.788034200668335, "rec0": 0.9802296161651611, "rec1": 0.434495747089386, "auroc": 0.9341146684875646, "auprc": 0.7265044649562914, "minpse": 0.6751412429378532, "brier": 0.06784629348343432}