{"acc": 0.8321287035942078, "prec0": 0.8576512336730957, "prec1": 0.83111172914505, "rec0": 0.16829608380794525, "rec1": 0.9932214617729187, "auroc": 0.8796891020270212, "auprc": 0.9676096824745007, "minpse": 0.9028978139298424, "brier": 0.11050530478355704}