{"acc": 0.7876721620559692, "prec0": 0.7719452977180481, "prec1": 0.8131475448608398, "rec0": 0.869997501373291, "rec1": 0.687613308429718, "auroc": 0.869969841087463, "auprc": 0.860394901475633, "minpse": 0.7638175777710662, "brier": 0.14586224062922148}