{"acc": 0.9987726807594299, "prec0": 0.9991814494132996, "prec1": 0.0, "rec0": 0.9995905756950378, "rec1": 0.0, "auroc": 0.996405986988763, "auprc": 0.26653994649088314, "minpse": 0.5714285714285714, "brier": 0.000995495218519662}