{"acc": 0.9753170609474182, "prec0": 0.9757030010223389, "prec1": 0.5714285969734192, "rec0": 0.9995805025100708, "rec1": 0.021978022530674934, "auroc": 0.9762685922663549, "auprc": 0.5455082097590783, "minpse": 0.5287958115183246, "brier": 0.016510928579211243}