{"acc": 0.998909056186676, "prec0": 0.9991815686225891, "prec1": 0.0, "rec0": 0.9997270107269287, "rec1": 0.0, "auroc": 0.9995450616441472, "auprc": 0.45017297517297516, "minpse": 0.6666666666666666, "brier": 0.0008858324638416014}