{"acc": 0.7876721620559692, "prec0": 0.7717055678367615, "prec1": 0.813595712184906, "rec0": 0.8704946637153625, "rec1": 0.6870090365409851, "auroc": 0.8712717959347047, "auprc": 0.8625041133813945, "minpse": 0.7635869565217391, "brier": 0.14695802607608655}