{"acc": 0.8381289839744568, "prec0": 0.7842227220535278, "prec1": 0.8414952158927917, "rec0": 0.23603351414203644, "rec1": 0.984239935874939, "auroc": 0.8735647139628828, "auprc": 0.9661819433036671, "minpse": 0.900355871886121, "brier": 0.1098137355228109}