{"acc": 0.9889540672302246, "prec0": 0.9893559217453003, "prec1": 0.4000000059604645, "rec0": 0.9995864033699036, "rec1": 0.02500000037252903, "auroc": 0.9934966565559079, "auprc": 0.5518035240927652, "minpse": 0.5925925925925926, "brier": 0.0076375506424826425}