{"acc": 0.8936315178871155, "prec0": 0.8939683437347412, "prec1": 0.4000000059604645, "rec0": 0.999542236328125, "rec1": 0.00256739417091012, "auroc": 0.7535306565422912, "auprc": 0.3040948324566153, "minpse": 0.3312020460358056, "brier": 0.08881296143226532}