{"acc": 0.9888176918029785, "prec0": 0.9893544316291809, "prec1": 0.3333333432674408, "rec0": 0.9994484782218933, "rec1": 0.02500000037252903, "auroc": 0.9466996415276437, "auprc": 0.4296372613131876, "minpse": 0.45, "brier": 0.008116141103676214}