{"acc": 0.8168553113937378, "prec0": 0.8645985126495361, "prec1": 0.6756610870361328, "rec0": 0.8874320983886719, "rec1": 0.6278836727142334, "auroc": 0.8646322935842554, "auprc": 0.7318482256448068, "minpse": 0.6610084872690963, "brier": 0.13355974024382664}