{"acc": 0.8831310272216797, "prec0": 0.9017153382301331, "prec1": 0.7436195015907288, "rec0": 0.9635072946548462, "rec1": 0.5019577145576477, "auroc": 0.9017922258347825, "auprc": 0.7137741447083693, "minpse": 0.6476115896632733, "brier": 0.08454021203556943}