{"acc": 0.9819991588592529, "prec0": 0.9843099117279053, "prec1": 0.8549618124961853, "rec0": 0.9973269701004028, "rec1": 0.4977777898311615, "auroc": 0.981476270868505, "auprc": 0.7810107609454465, "minpse": 0.7066666666666667, "brier": 0.013212556990871828}