{"acc": 0.8614482283592224, "prec0": 0.906582772731781, "prec1": 0.6149779558181763, "rec0": 0.9278401732444763, "rec1": 0.5465936064720154, "auroc": 0.8758421788186274, "auprc": 0.6413215787525073, "minpse": 0.5993740219092332, "brier": 0.11252720960180411}