{"acc": 0.9384971857070923, "prec0": 0.9470208287239075, "prec1": 0.7771739363670349, "rec0": 0.9877208471298218, "rec1": 0.43664121627807617, "auroc": 0.9327295506036685, "auprc": 0.6867988924459639, "minpse": 0.6229007633587786, "brier": 0.04592663139790853}