{"acc": 0.9961816668510437, "prec0": 0.9962840676307678, "prec1": 0.9850746393203735, "rec0": 0.9998618960380554, "rec1": 0.7096773982048035, "auroc": 0.9974321273688588, "auprc": 0.9548330734760362, "minpse": 0.9032258064516129, "brier": 0.0031126659790300824}