{"acc": 0.9194054007530212, "prec0": 0.945672869682312, "prec1": 0.5634920597076416, "rec0": 0.9670559763908386, "rec1": 0.43358778953552246, "auroc": 0.9019501199106557, "auprc": 0.5463018308695434, "minpse": 0.5099236641221374, "brier": 0.0832305617235928}