{"acc": 0.987999439239502, "prec0": 0.9882577657699585, "prec1": 0.7777777910232544, "rec0": 0.9997237324714661, "rec1": 0.07526881992816925, "auroc": 0.9711444781084774, "auprc": 0.3838973256928107, "minpse": 0.43010752688172044, "brier": 0.04614166731294619}