{"acc": 0.9345424771308899, "prec0": 0.955238938331604, "prec1": 0.5610389709472656, "rec0": 0.9751689434051514, "rec1": 0.40986716747283936, "auroc": 0.9058691376790544, "auprc": 0.5233292384573278, "minpse": 0.49906890130353815, "brier": 0.07574419488905594}