{"acc": 0.8883131146430969, "prec0": 0.9259716272354126, "prec1": 0.6007066965103149, "rec0": 0.9465552568435669, "rec1": 0.5151515007019043, "auroc": 0.8876843478136242, "auprc": 0.6049851495480936, "minpse": 0.5595959595959596, "brier": 0.09964995229130376}