{"acc": 0.9794081449508667, "prec0": 0.9809667468070984, "prec1": 0.6000000238418579, "rec0": 0.9983277320861816, "rec1": 0.1146496832370758, "auroc": 0.9552205156608369, "auprc": 0.3803751898224755, "minpse": 0.4140127388535032, "brier": 0.05146704617136188}