{"acc": 0.9590890407562256, "prec0": 0.9645530581474304, "prec1": 0.8055555820465088, "rec0": 0.9928768873214722, "rec1": 0.4471365511417389, "auroc": 0.9461833339417097, "auprc": 0.6856588004139708, "minpse": 0.6258205689277899, "brier": 0.03201412350537491}