{"acc": 0.903722882270813, "prec0": 0.9366671442985535, "prec1": 0.567278265953064, "rec0": 0.9567211866378784, "rec1": 0.4672544002532959, "auroc": 0.8961144968977071, "auprc": 0.5734121341172402, "minpse": 0.5371069182389937, "brier": 0.09036654018500229}