{"acc": 0.9709532260894775, "prec0": 0.976239800453186, "prec1": 0.563829779624939, "rec0": 0.9942318797111511, "rec1": 0.23555555939674377, "auroc": 0.9395216657287564, "auprc": 0.44200648352504696, "minpse": 0.4533333333333333, "brier": 0.056160153147149165}