{"acc": 0.9552707076072693, "prec0": 0.96756911277771, "prec1": 0.5933610200881958, "rec0": 0.9859195351600647, "rec1": 0.3833780288696289, "auroc": 0.9169047178823457, "auprc": 0.4944298913030638, "minpse": 0.49333333333333335, "brier": 0.06605303572193347}