{"acc": 0.9570435285568237, "prec0": 0.9674034714698792, "prec1": 0.5567567348480225, "rec0": 0.988280713558197, "rec1": 0.306547611951828, "auroc": 0.9112183282631332, "auprc": 0.44513300429481306, "minpse": 0.47352941176470587, "brier": 0.06439410320570635}