{"acc": 0.7500340938568115, "prec0": 0.7475135326385498, "prec1": 0.7538673281669617, "rec0": 0.8220233917236328, "rec1": 0.6625377535820007, "auroc": 0.82768124072084, "auprc": 0.8165358912058462, "minpse": 0.7233723372337234, "brier": 0.16717737192059084}