{"acc": 0.985817551612854, "prec0": 0.9868730306625366, "prec1": 0.90625, "rec0": 0.9987414479255676, "rec1": 0.4780219793319702, "auroc": 0.978868705060846, "auprc": 0.7388455144269267, "minpse": 0.6318681318681318, "brier": 0.01189881372158488}