{"acc": 0.8952679634094238, "prec0": 0.8959758877754211, "prec1": 0.7037037014961243, "rec0": 0.9987793564796448, "rec1": 0.024390242993831635, "auroc": 0.7380832996772542, "auprc": 0.28431324362316, "minpse": 0.31218274111675126, "brier": 0.08646266649534563}