{"acc": 0.9896358847618103, "prec0": 0.9896302223205566, "prec1": 1.0, "rec0": 1.0, "rec1": 0.05000000074505806, "auroc": 0.9698159382324556, "auprc": 0.32103079847230376, "minpse": 0.325, "brier": 0.04515060558211942}