{"acc": 0.8844947218894958, "prec0": 0.9253567457199097, "prec1": 0.6119247078895569, "rec0": 0.9408482313156128, "rec1": 0.5513666272163391, "auroc": 0.8843311505799304, "auprc": 0.6323252272715877, "minpse": 0.5819209039548022, "brier": 0.10156748940492334}