{"acc": 0.9751806855201721, "prec0": 0.9796283841133118, "prec1": 0.5, "rec0": 0.9952453970909119, "rec1": 0.18681319057941437, "auroc": 0.9379830070642544, "auprc": 0.38804441204245105, "minpse": 0.41578947368421054, "brier": 0.053341861844521235}