{"acc": 0.8240829110145569, "prec0": 0.5756929516792297, "prec1": 0.8605160117149353, "rec0": 0.37709498405456543, "rec1": 0.9325538277626038, "auroc": 0.8141600135948931, "auprc": 0.9448203733740081, "minpse": 0.8800813008130082, "brier": 0.13905989447225348}