{"acc": 0.9367244243621826, "prec0": 0.9369627237319946, "prec1": 0.5, "rec0": 0.9997088313102722, "rec1": 0.004310344811528921, "auroc": 0.6998747496247508, "auprc": 0.1429193104932946, "minpse": 0.19787234042553192, "brier": 0.08520901156996841}