{"acc": 0.9652256965637207, "prec0": 0.9731720685958862, "prec1": 0.5539568066596985, "rec0": 0.9912218451499939, "rec1": 0.28518518805503845, "auroc": 0.929671055736467, "auprc": 0.44935883072446914, "minpse": 0.46296296296296297, "brier": 0.05955177135493772}