{"acc": 0.9967271089553833, "prec0": 0.9967051148414612, "prec1": 1.0, "rec0": 1.0, "rec1": 0.6712328791618347, "auroc": 0.9993735612664629, "auprc": 0.9674754015856996, "minpse": 0.9041095890410958, "brier": 0.002410795069338922}