{"acc": 0.9554070830345154, "prec0": 0.9611457586288452, "prec1": 0.8113878965377808, "rec0": 0.9922412633895874, "rec1": 0.45418328046798706, "auroc": 0.941712873290909, "auprc": 0.6928223401933071, "minpse": 0.6294820717131474, "brier": 0.03480363086528883}