{"acc": 0.9084958434104919, "prec0": 0.9088428020477295, "prec1": 0.4000000059604645, "rec0": 0.9995497465133667, "rec1": 0.0029850746504962444, "auroc": 0.6618277365984128, "auprc": 0.17484309966120595, "minpse": 0.21910828025477708, "brier": 0.10452617714225447}