{"acc": 0.9623619318008423, "prec0": 0.9713886976242065, "prec1": 0.5773809552192688, "rec0": 0.9899018406867981, "rec1": 0.32119205594062805, "auroc": 0.9229170532391556, "auprc": 0.4544817277983162, "minpse": 0.4900662251655629, "brier": 0.06175425344983183}