{"acc": 0.9877266883850098, "prec0": 0.989071786403656, "prec1": 0.8942307829856873, "rec0": 0.9984639286994934, "rec1": 0.5406976938247681, "auroc": 0.9861531941426915, "auprc": 0.7921062044010021, "minpse": 0.7034883720930233, "brier": 0.009919332743052463}