{"acc": 0.9911359548568726, "prec0": 0.9914565086364746, "prec1": 0.9605262875556946, "rec0": 0.9995832443237305, "rec1": 0.5407407283782959, "auroc": 0.9920831918331224, "auprc": 0.8329829682349776, "minpse": 0.725925925925926, "brier": 0.007172834780681329}