{"acc": 0.8273558020591736, "prec0": 0.8478842973709106, "prec1": 0.7609699964523315, "rec0": 0.9198140501976013, "rec1": 0.6073732972145081, "auroc": 0.8828641583903903, "auprc": 0.784503028944026, "minpse": 0.7004608294930875, "brier": 0.12117573542889447}