{"acc": 0.9095867872238159, "prec0": 0.9103966951370239, "prec1": 0.6521739363670349, "rec0": 0.9987993240356445, "rec1": 0.02238805964589119, "auroc": 0.7403710846935964, "auprc": 0.2589074524199957, "minpse": 0.29896907216494845, "brier": 0.07612867377226082}