{"acc": 0.9908632040023804, "prec0": 0.9908607006072998, "prec1": 1.0, "rec0": 1.0, "rec1": 0.028985507786273956, "auroc": 0.9742226904169061, "auprc": 0.3480796942998066, "minpse": 0.391304347826087, "brier": 0.044187591853760325}