{"acc": 0.9423155784606934, "prec0": 0.9597373008728027, "prec1": 0.5714285969734192, "rec0": 0.9794550538063049, "rec1": 0.4000000059604645, "auroc": 0.9080973831306327, "auprc": 0.5141108273027887, "minpse": 0.49361702127659574, "brier": 0.0722861989847715}