{"acc": 0.9779080748558044, "prec0": 0.980178952217102, "prec1": 0.7352941036224365, "rec0": 0.9974786639213562, "rec1": 0.25773194432258606, "auroc": 0.9815616412244056, "auprc": 0.5684977615093304, "minpse": 0.5567010309278351, "brier": 0.015660159602959745}