{"acc": 0.9368607401847839, "prec0": 0.9411931037902832, "prec1": 0.8185328245162964, "rec0": 0.9929903149604797, "rec1": 0.337579607963562, "auroc": 0.9502723986757672, "auprc": 0.679492314953266, "minpse": 0.6406995230524642, "brier": 0.04418773443979256}