{"acc": 0.9844538569450378, "prec0": 0.9861320853233337, "prec1": 0.7400000095367432, "rec0": 0.9981932044029236, "rec1": 0.26811593770980835, "auroc": 0.9799558872405355, "auprc": 0.533218034176407, "minpse": 0.5289855072463768, "brier": 0.011359107708118725}