{"acc": 0.9480431079864502, "prec0": 0.9485605359077454, "prec1": 0.0, "rec0": 0.999424934387207, "rec1": 0.0, "auroc": 0.8247373029104503, "auprc": 0.2601036092546407, "minpse": 0.3306878306878307, "brier": 0.04538846544872563}