{"acc": 0.8673121333122253, "prec0": 0.8676952719688416, "prec1": 0.5555555820465088, "rec0": 0.9993709921836853, "rec1": 0.005133470054715872, "auroc": 0.754023142352203, "auprc": 0.3508172399495656, "minpse": 0.3809034907597536, "brier": 0.10625329701091427}