{"acc": 0.9934542775154114, "prec0": 0.9939939975738525, "prec1": 0.4285714328289032, "rec0": 0.9994509816169739, "rec1": 0.06382978707551956, "auroc": 0.9965600014016971, "auprc": 0.6004077987889291, "minpse": 0.673469387755102, "brier": 0.0041834171168029675}