{"acc": 0.9983635544776917, "prec0": 0.9990444779396057, "prec1": 0.2857142984867096, "rec0": 0.9993172883987427, "rec1": 0.2222222238779068, "auroc": 0.99868013835791, "auprc": 0.3067055518200913, "minpse": 0.4444444444444444, "brier": 0.0014126413247075936}