{"acc": 0.9982271790504456, "prec0": 0.9987720251083374, "prec1": 0.0, "rec0": 0.9994538426399231, "rec1": 0.0, "auroc": 0.9986649675344378, "auprc": 0.3103401462617688, "minpse": 0.46153846153846156, "brier": 0.0014922988185773957}