{"acc": 0.9480431079864502, "prec0": 0.9485605359077454, "prec1": 0.0, "rec0": 0.999424934387207, "rec1": 0.0, "auroc": 0.8451360808294045, "auprc": 0.29797255781240906, "minpse": 0.36772486772486773, "brier": 0.044505893388599484}