{"acc": 0.9518614411354065, "prec0": 0.95219886302948, "prec1": 0.7272727489471436, "rec0": 0.9995698928833008, "rec1": 0.022346368059515953, "auroc": 0.9691045433611662, "auprc": 0.6722853222831799, "minpse": 0.6508379888268156, "brier": 0.03048574093465734}