{"acc": 0.8671757578849792, "prec0": 0.8676771521568298, "prec1": 0.5, "rec0": 0.999213695526123, "rec1": 0.005133470054715872, "auroc": 0.744070151667849, "auprc": 0.340036282646626, "minpse": 0.3655030800821355, "brier": 0.10660487516594307}