{"acc": 0.9230874180793762, "prec0": 0.9325598478317261, "prec1": 0.7739726305007935, "rec0": 0.9848368763923645, "rec1": 0.4216417968273163, "auroc": 0.9419156705368852, "auprc": 0.6957737211807616, "minpse": 0.6530359355638166, "brier": 0.0541534669339621}