{"acc": 0.9195417761802673, "prec0": 0.9228249788284302, "prec1": 0.8451613187789917, "rec0": 0.992648184299469, "rec1": 0.3258706331253052, "auroc": 0.9456908290527755, "auprc": 0.7125023660233614, "minpse": 0.6583850931677019, "brier": 0.05473772836041365}