{"acc": 0.8836765289306641, "prec0": 0.8974756002426147, "prec1": 0.7819634675979614, "rec0": 0.9680922031402588, "rec1": 0.5085374712944031, "auroc": 0.9181433862878765, "auprc": 0.7392835566733464, "minpse": 0.676317743132888, "brier": 0.08246920433240258}