{"acc": 0.965634822845459, "prec0": 0.96612948179245, "prec1": 0.6363636255264282, "rec0": 0.9994348883628845, "rec1": 0.027450980618596077, "auroc": 0.9833721168603072, "auprc": 0.6570279898680269, "minpse": 0.6223021582733813, "brier": 0.02123172148631146}