{"acc": 0.9217237234115601, "prec0": 0.9294677376747131, "prec1": 0.7875000238418579, "rec0": 0.9869811534881592, "rec1": 0.39179104566574097, "auroc": 0.9398635936567734, "auprc": 0.6917310379021121, "minpse": 0.6380597014925373, "brier": 0.054906204411573754}