{"acc": 0.8119459748268127, "prec0": 0.8020772933959961, "prec1": 0.8359887599945068, "rec0": 0.9225663542747498, "rec1": 0.6341983675956726, "auroc": 0.8868951517763606, "auprc": 0.8453096459935239, "minpse": 0.7495559502664298, "brier": 0.13328878578705772}