{"acc": 0.9758625626564026, "prec0": 0.9764577150344849, "prec1": 0.8148148059844971, "rec0": 0.9992996454238892, "rec1": 0.11340206116437912, "auroc": 0.9858819638893662, "auprc": 0.6217509136291173, "minpse": 0.5773195876288659, "brier": 0.015723475706086516}