{"acc": 0.9485885500907898, "prec0": 0.9508903622627258, "prec1": 0.834482729434967, "rec0": 0.9965009689331055, "rec1": 0.2552742660045624, "auroc": 0.9581919225287173, "auprc": 0.6548570239133499, "minpse": 0.6407563025210085, "brier": 0.03522704427538586}