{"acc": 0.982135534286499, "prec0": 0.9823818802833557, "prec1": 0.8181818127632141, "rec0": 0.9997220039367676, "rec1": 0.06521739065647125, "auroc": 0.9826268241834608, "auprc": 0.646318725678299, "minpse": 0.6086956521739131, "brier": 0.01132772796731468}