{"acc": 0.980908215045929, "prec0": 0.9814385175704956, "prec1": 0.3333333432674408, "rec0": 0.9994440674781799, "rec1": 0.014492753893136978, "auroc": 0.9790826963168867, "auprc": 0.5534343061809192, "minpse": 0.5436241610738255, "brier": 0.012482108743099504}