{"acc": 0.9931815266609192, "prec0": 0.9935879707336426, "prec1": 0.0, "rec0": 0.9995882511138916, "rec1": 0.0, "auroc": 0.9962709013497176, "auprc": 0.5803779163719734, "minpse": 0.6129032258064516, "brier": 0.004681781466447056}