{"acc": 0.954861581325531, "prec0": 0.955692708492279, "prec1": 0.8139534592628479, "rec0": 0.9988530278205872, "rec1": 0.09776536375284195, "auroc": 0.9655809855629642, "auprc": 0.6170799240806171, "minpse": 0.6155988857938719, "brier": 0.028621318636513907}