{"acc": 0.9342697262763977, "prec0": 0.9374384880065918, "prec1": 0.831818163394928, "rec0": 0.9944817423820496, "rec1": 0.2914012670516968, "auroc": 0.9511836399302734, "auprc": 0.6807625860670571, "minpse": 0.6350710900473934, "brier": 0.044905103668453406}