{"acc": 0.9713623523712158, "prec0": 0.9724820852279663, "prec1": 0.8461538553237915, "rec0": 0.9985871911048889, "rec1": 0.21568627655506134, "auroc": 0.9725227022145393, "auprc": 0.6147734525668395, "minpse": 0.5882352941176471, "brier": 0.02019499781057617}