{"acc": 0.8142642974853516, "prec0": 0.8136670589447021, "prec1": 0.8155719637870789, "rec0": 0.9061946868896484, "rec1": 0.6665481925010681, "auroc": 0.8869384872384537, "auprc": 0.8418649230096311, "minpse": 0.7504443654461429, "brier": 0.13172034367623012}