{"acc": 0.9682258367538452, "prec0": 0.9691569805145264, "prec1": 0.7894737124443054, "rec0": 0.9988697171211243, "rec1": 0.11764705926179886, "auroc": 0.9764969056285978, "auprc": 0.6357252784072782, "minpse": 0.6436781609195402, "brier": 0.020279508741647315}