{"acc": 0.9747715592384338, "prec0": 0.9755197167396545, "prec1": 0.7142857313156128, "rec0": 0.999159574508667, "rec1": 0.07731958478689194, "auroc": 0.9816919693335432, "auprc": 0.5820774208574837, "minpse": 0.5515463917525774, "brier": 0.016517884402978487}