{"acc": 0.8401745557785034, "prec0": 0.8522336483001709, "prec1": 0.7937871813774109, "rec0": 0.9408194422721863, "rec1": 0.5827268362045288, "auroc": 0.8939220706980348, "auprc": 0.7869482626965447, "minpse": 0.7083939835031539, "brier": 0.11464191810456247}