{"acc": 0.9755898118019104, "prec0": 0.976349949836731, "prec1": 0.6666666865348816, "rec0": 0.9991605877876282, "rec1": 0.0648648664355278, "auroc": 0.9767899544760206, "auprc": 0.5516640229565366, "minpse": 0.5783783783783784, "brier": 0.016942460015114614}