{"acc": 0.9637256264686584, "prec0": 0.9661133885383606, "prec1": 0.7961165308952332, "rec0": 0.9970025420188904, "rec1": 0.25076451897621155, "auroc": 0.9641233682618917, "auprc": 0.597954176339505, "minpse": 0.5749235474006116, "brier": 0.02605483066272622}