{"acc": 0.9912723302841187, "prec0": 0.9919443130493164, "prec1": 0.4444444477558136, "rec0": 0.9993122220039368, "rec1": 0.0634920671582222, "auroc": 0.9908058776009256, "auprc": 0.4857856956618525, "minpse": 0.5466666666666666, "brier": 0.006125345558706175}