{"acc": 0.9498159289360046, "prec0": 0.9562095403671265, "prec1": 0.7532467246055603, "rec0": 0.991676390171051, "rec1": 0.3587628901004791, "auroc": 0.9493868327873591, "auprc": 0.6076019602257388, "minpse": 0.6041237113402061, "brier": 0.03702154302897231}