{"acc": 0.8941770195960999, "prec0": 0.894672155380249, "prec1": 0.6153846383094788, "rec0": 0.9992371201515198, "rec1": 0.01026957668364048, "auroc": 0.7775420981728568, "auprc": 0.34559696405624873, "minpse": 0.3722721437740693, "brier": 0.08700142846237932}