{"acc": 0.9360425472259521, "prec0": 0.9400479793548584, "prec1": 0.8196721076965332, "rec0": 0.9934406876564026, "rec1": 0.3199999928474426, "auroc": 0.9466286225402503, "auprc": 0.654958750685049, "minpse": 0.6118210862619808, "brier": 0.046056391296426566}