{"acc": 0.921587347984314, "prec0": 0.9251633286476135, "prec1": 0.8350515365600586, "rec0": 0.9926862716674805, "rec1": 0.3155844211578369, "auroc": 0.9393643230150925, "auprc": 0.6763781945900004, "minpse": 0.6194805194805195, "brier": 0.055325903084163}