{"acc": 0.877539873123169, "prec0": 0.8867896199226379, "prec1": 0.7846385836601257, "rec0": 0.9763909578323364, "rec1": 0.4083072245121002, "auroc": 0.9176139113117133, "auprc": 0.7282621824944966, "minpse": 0.6758026624902115, "brier": 0.08322095838079883}