{"acc": 0.944088339805603, "prec0": 0.9488404989242554, "prec1": 0.78899085521698, "rec0": 0.9932323098182678, "rec1": 0.3208955228328705, "auroc": 0.9515950573013995, "auprc": 0.6439345831781512, "minpse": 0.5988805970149254, "brier": 0.0396251208016748}