{"acc": 0.9382244944572449, "prec0": 0.9426841139793396, "prec1": 0.8017241358757019, "rec0": 0.9931750893592834, "rec1": 0.3136593699455261, "auroc": 0.948146026090742, "auprc": 0.6502082008323556, "minpse": 0.6003372681281619, "brier": 0.04385256437645421}