{"acc": 0.9353606700897217, "prec0": 0.9394412040710449, "prec1": 0.8333333134651184, "rec0": 0.9929545521736145, "rec1": 0.3549848794937134, "auroc": 0.9486549754744009, "auprc": 0.677955662861828, "minpse": 0.6404833836858006, "brier": 0.04664427322739373}