{"acc": 0.9176326394081116, "prec0": 0.9181222915649414, "prec1": 0.20000000298023224, "rec0": 0.9994058012962341, "rec1": 0.001663893461227417, "auroc": 0.7938131436712235, "auprc": 0.3093478298356764, "minpse": 0.3504983388704319, "brier": 0.06911791401368063}