{"acc": 0.8985408544540405, "prec0": 0.9060685038566589, "prec1": 0.7820224761962891, "rec0": 0.9846954941749573, "rec1": 0.34974873065948486, "auroc": 0.9241206030150754, "auprc": 0.681151643071793, "minpse": 0.6351758793969849, "brier": 0.06998474406239455}