{"acc": 0.8981317281723022, "prec0": 0.902172327041626, "prec1": 0.8246073126792908, "rec0": 0.9894288182258606, "rec1": 0.31658291816711426, "auroc": 0.9306558034730295, "auprc": 0.7041182143130844, "minpse": 0.6633165829145728, "brier": 0.06901994290909524}