{"acc": 0.9780444502830505, "prec0": 0.9785665273666382, "prec1": 0.5, "rec0": 0.9994422793388367, "rec1": 0.02484472095966339, "auroc": 0.9769609558219854, "auprc": 0.5668379040007453, "minpse": 0.5443786982248521, "brier": 0.015164533958504079}