{"acc": 0.794354259967804, "prec0": 0.7967581152915955, "prec1": 0.7897659540176392, "rec0": 0.8785517811775208, "rec1": 0.670596182346344, "auroc": 0.8735332703132491, "auprc": 0.8332874053222675, "minpse": 0.7484001347254968, "brier": 0.1412209835475373}