{"acc": 0.917905330657959, "prec0": 0.9181445837020874, "prec1": 0.3333333432674408, "rec0": 0.9997029304504395, "rec1": 0.001663893461227417, "auroc": 0.7950333816781895, "auprc": 0.29819101522099917, "minpse": 0.3427620632279534, "brier": 0.06914407671722392}