{"acc": 0.9866357445716858, "prec0": 0.9866357445716858, "prec1": NaN, "rec0": 1.0, "rec1": 0.0, "auroc": 0.992606800840585, "auprc": 0.6132939965289892, "minpse": 0.6020408163265306, "brier": 0.008346844472691729}