{"acc": 0.9708168506622314, "prec0": 0.9712486267089844, "prec1": 0.8620689511299133, "rec0": 0.9994364380836487, "rec1": 0.10638298094272614, "auroc": 0.9757249569851861, "auprc": 0.6418084204152971, "minpse": 0.625531914893617, "brier": 0.01893586900024364}