{"acc": 0.929905891418457, "prec0": 0.9319489002227783, "prec1": 0.8592233061790466, "rec0": 0.9956528544425964, "rec1": 0.26737159490585327, "auroc": 0.9466130625365416, "auprc": 0.6759143120684892, "minpse": 0.6359516616314199, "brier": 0.04832183435147518}