{"acc": 0.9420428276062012, "prec0": 0.9445995092391968, "prec1": 0.832335352897644, "rec0": 0.9958805441856384, "rec1": 0.25932836532592773, "auroc": 0.9487174982817266, "auprc": 0.6432904222416986, "minpse": 0.62756052141527, "brier": 0.041084779266615384}