{"acc": 0.8439928889274597, "prec0": 0.8548005223274231, "prec1": 0.798870861530304, "rec0": 0.9466491937637329, "rec1": 0.5685585141181946, "auroc": 0.9017690238796411, "auprc": 0.7916552101211105, "minpse": 0.7182320441988951, "brier": 0.10974679335253973}