{"acc": 0.9322242140769958, "prec0": 0.9366336464881897, "prec1": 0.8136882185935974, "rec0": 0.9926548004150391, "rec1": 0.3232628405094147, "auroc": 0.9397872878097515, "auprc": 0.6497570152518495, "minpse": 0.6078431372549019, "brier": 0.049161187402935645}