{"acc": 0.9870448708534241, "prec0": 0.9875717163085938, "prec1": 0.6363636255264282, "rec0": 0.9994471073150635, "rec1": 0.0714285746216774, "auroc": 0.9936610580652441, "auprc": 0.631860882519969, "minpse": 0.6326530612244898, "brier": 0.00830649668446659}