{"acc": 0.9372698664665222, "prec0": 0.9417557716369629, "prec1": 0.7955555319786072, "rec0": 0.9931750893592834, "rec1": 0.3018549680709839, "auroc": 0.9497275333890444, "auprc": 0.6537058504040137, "minpse": 0.6155143338954469, "brier": 0.04386463949779401}