{"acc": 0.878767192363739, "prec0": 0.8919575214385986, "prec1": 0.7617765665054321, "rec0": 0.9707679748535156, "rec1": 0.44287949800491333, "auroc": 0.9140676428513276, "auprc": 0.7113787556354808, "minpse": 0.6643192488262911, "brier": 0.08330193036559723}