{"acc": 0.922814667224884, "prec0": 0.9294760823249817, "prec1": 0.8025974035263062, "rec0": 0.9883685111999512, "rec1": 0.38673341274261475, "auroc": 0.9406608275649121, "auprc": 0.6871096399773114, "minpse": 0.6370463078848561, "brier": 0.05488578894570614}