{"acc": 0.9717714190483093, "prec0": 0.9717923998832703, "prec1": 0.9666666388511658, "rec0": 0.999859094619751, "rec1": 0.12340425699949265, "auroc": 0.9578952416922957, "auprc": 0.65337684605965, "minpse": 0.6160337552742616, "brier": 0.01854894273895182}