{"acc": 0.9177690148353577, "prec0": 0.9181334376335144, "prec1": 0.25, "rec0": 0.9995543956756592, "rec1": 0.001663893461227417, "auroc": 0.7904587867517299, "auprc": 0.3034061867862435, "minpse": 0.3295081967213115, "brier": 0.06967171665777178}