{"acc": 0.9209054708480835, "prec0": 0.9272388219833374, "prec1": 0.800000011920929, "rec0": 0.988827645778656, "rec1": 0.36545681953430176, "auroc": 0.9397251231930945, "auprc": 0.6905481433972916, "minpse": 0.6445556946182729, "brier": 0.055396518037425485}