{"acc": 0.7927178740501404, "prec0": 0.7885552048683167, "prec1": 0.8012474179267883, "rec0": 0.8904674649238586, "rec1": 0.6490401029586792, "auroc": 0.8723072266151394, "auprc": 0.8384360415099601, "minpse": 0.7453750420450723, "brier": 0.14247643184144065}