{"acc": 0.9708168506622314, "prec0": 0.9712486267089844, "prec1": 0.8620689511299133, "rec0": 0.9994364380836487, "rec1": 0.10638298094272614, "auroc": 0.9745124488168678, "auprc": 0.61356425984885, "minpse": 0.6024590163934426, "brier": 0.01948648910050348}