{"acc": 0.9529523849487305, "prec0": 0.9536026120185852, "prec1": 0.0, "rec0": 0.9992849826812744, "rec1": 0.0, "auroc": 0.8578326225385049, "auprc": 0.33282256587485765, "minpse": 0.4088235294117647, "brier": 0.0401431548938936}