{"acc": 0.839492678642273, "prec0": 0.8457579016685486, "prec1": 0.8106870055198669, "rec0": 0.9535754323005676, "rec1": 0.533400297164917, "auroc": 0.8987710703406813, "auprc": 0.7889760153926509, "minpse": 0.7168674698795181, "brier": 0.11123902605315088}