{"acc": 0.9863629937171936, "prec0": 0.9868977665901184, "prec1": 0.3333333432674408, "rec0": 0.9994471073150635, "rec1": 0.020408162847161293, "auroc": 0.9857354413776568, "auprc": 0.5470004873229545, "minpse": 0.5384615384615384, "brier": 0.009696172534834317}