{"acc": 0.978726327419281, "prec0": 0.9793659448623657, "prec1": 0.6666666865348816, "rec0": 0.999302864074707, "rec1": 0.06211180239915848, "auroc": 0.9769739462990997, "auprc": 0.540003446142972, "minpse": 0.5414364640883977, "brier": 0.01443561819647599}