{"acc": 0.9533615112304688, "prec0": 0.9536216259002686, "prec1": 0.0, "rec0": 0.9997140169143677, "rec1": 0.0, "auroc": 0.8488942724236841, "auprc": 0.29827957816707673, "minpse": 0.3588235294117647, "brier": 0.04061027939304509}