{"acc": 0.958543598651886, "prec0": 0.9608985185623169, "prec1": 0.8181818127632141, "rec0": 0.996835470199585, "rec1": 0.25984251499176025, "auroc": 0.9633999468420877, "auprc": 0.6343747407767889, "minpse": 0.612565445026178, "brier": 0.02923704383838898}