{"acc": 0.8838129043579102, "prec0": 0.8945851922035217, "prec1": 0.7878378629684448, "rec0": 0.9740710258483887, "rec1": 0.45618152618408203, "auroc": 0.9174992795565944, "auprc": 0.722151564177729, "minpse": 0.672926447574335, "brier": 0.08206484806425647}