{"acc": 0.9594981670379639, "prec0": 0.9599011540412903, "prec1": 0.9019607901573181, "rec0": 0.9992852210998535, "rec1": 0.13609467446804047, "auroc": 0.9703215737361005, "auprc": 0.6352475148810242, "minpse": 0.5882352941176471, "brier": 0.02708184120078389}