{"acc": 0.9138142466545105, "prec0": 0.9251910448074341, "prec1": 0.7674857974052429, "rec0": 0.9808351397514343, "rec1": 0.4437158405780792, "auroc": 0.9399862408833081, "auprc": 0.7051631054085672, "minpse": 0.6684841875681571, "brier": 0.05961452860657761}