{"acc": 0.9968634843826294, "prec0": 0.9969994425773621, "prec1": 0.0, "rec0": 0.9998632073402405, "rec1": 0.0, "auroc": 0.9983275512614864, "auprc": 0.6182094889916663, "minpse": 0.6363636363636364, "brier": 0.002191981806874092}