{"acc": 0.8843584060668945, "prec0": 0.8931862711906433, "prec1": 0.8025209903717041, "rec0": 0.97670578956604, "rec1": 0.4476562440395355, "auroc": 0.920192143874938, "auprc": 0.7337976984165467, "minpse": 0.67734375, "brier": 0.08118040225885169}