{"acc": 0.9744988679885864, "prec0": 0.9756197929382324, "prec1": 0.71875, "rec0": 0.9987381100654602, "rec1": 0.11442785710096359, "auroc": 0.9836348264287089, "auprc": 0.6018878460717934, "minpse": 0.5920398009950248, "brier": 0.016468002380971833}