{"acc": 0.9318150877952576, "prec0": 0.9366945028305054, "prec1": 0.8051470518112183, "rec0": 0.9920504093170166, "rec1": 0.3288288414478302, "auroc": 0.9478217530564913, "auprc": 0.6762142855432913, "minpse": 0.6156156156156156, "brier": 0.04749528923200887}