{"acc": 0.942861020565033, "prec0": 0.9441750645637512, "prec1": 0.859649121761322, "rec0": 0.9976580739021301, "rec1": 0.19560877978801727, "auroc": 0.9576564084944865, "auprc": 0.6503713781540132, "minpse": 0.6227544910179641, "brier": 0.03877633116003096}