{"acc": 0.8315832614898682, "prec0": 0.8340249061584473, "prec1": 0.8224661350250244, "rec0": 0.9460678696632385, "rec1": 0.5702775120735168, "auroc": 0.8961194139388364, "auprc": 0.8129030035968555, "minpse": 0.7287376902417189, "brier": 0.1174495535005727}