{"acc": 0.9866357445716858, "prec0": 0.9871619939804077, "prec1": 0.6363636255264282, "rec0": 0.9994469285011292, "rec1": 0.06930693238973618, "auroc": 0.9922470537983001, "auprc": 0.5718891763968051, "minpse": 0.6116504854368932, "brier": 0.009039771096310531}