{"acc": 0.9946815967559814, "prec0": 0.9946815967559814, "prec1": NaN, "rec0": 1.0, "rec1": 0.0, "auroc": 0.9961172864243881, "auprc": 0.5730010150926799, "minpse": 0.575, "brier": 0.0037730146912722663}