{"acc": 0.9882721900939941, "prec0": 0.988802433013916, "prec1": 0.6000000238418579, "rec0": 0.9994478821754456, "rec1": 0.06818182021379471, "auroc": 0.991991341991342, "auprc": 0.5976278653184267, "minpse": 0.5520833333333334, "brier": 0.00792051828579287}