{"acc": 0.9678167104721069, "prec0": 0.9682322144508362, "prec1": 0.8666666746139526, "rec0": 0.9994346499443054, "rec1": 0.10077519714832306, "auroc": 0.9730051770893253, "auprc": 0.6154983957679987, "minpse": 0.5891472868217055, "brier": 0.02181418164542469}