{"acc": 0.8828583359718323, "prec0": 0.893046498298645, "prec1": 0.7909836173057556, "rec0": 0.9747023582458496, "rec1": 0.45058366656303406, "auroc": 0.9193411849175466, "auprc": 0.730365323208076, "minpse": 0.682983682983683, "brier": 0.08163737710778124}