{"acc": 0.9234965443611145, "prec0": 0.92542564868927, "prec1": 0.8628318309783936, "rec0": 0.9953086972236633, "rec1": 0.2689655125141144, "auroc": 0.9474769349586708, "auprc": 0.6916144161972462, "minpse": 0.6496551724137931, "brier": 0.05181728069039635}