{"acc": 0.9552707076072693, "prec0": 0.9635468125343323, "prec1": 0.6973684430122375, "rec0": 0.9900217056274414, "rec1": 0.380382776260376, "auroc": 0.9524028964147699, "auprc": 0.5921338508172217, "minpse": 0.5861244019138756, "brier": 0.032136356580942105}