{"acc": 0.8962225317955017, "prec0": 0.8964387774467468, "prec1": 0.5, "rec0": 0.9996956586837769, "rec1": 0.0026281208265572786, "auroc": 0.745763894609633, "auprc": 0.3086314183141276, "minpse": 0.328515111695138, "brier": 0.08692101575553612}