{"acc": 0.9626346826553345, "prec0": 0.9648880362510681, "prec1": 0.7979797720909119, "rec0": 0.9971428513526917, "rec1": 0.23723722994327545, "auroc": 0.9636087516087516, "auprc": 0.6005043264844065, "minpse": 0.608955223880597, "brier": 0.026509497270686584}