{"acc": 0.9409518837928772, "prec0": 0.9446473717689514, "prec1": 0.8186046481132507, "rec0": 0.9942333102226257, "rec1": 0.30877193808555603, "auroc": 0.9522860455886129, "auprc": 0.6633778313419061, "minpse": 0.6282722513089005, "brier": 0.04120484154717169}