{"acc": 0.9803627729415894, "prec0": 0.9806249141693115, "prec1": 0.5, "rec0": 0.9997218251228333, "rec1": 0.013888888992369175, "auroc": 0.9803707632030417, "auprc": 0.6268257083068485, "minpse": 0.5833333333333334, "brier": 0.012759828118882308}