{"acc": 0.9749079346656799, "prec0": 0.9753930568695068, "prec1": 0.7777777910232544, "rec0": 0.9994397163391113, "rec1": 0.07216494530439377, "auroc": 0.9702462009897718, "auprc": 0.6002736289703137, "minpse": 0.6082474226804123, "brier": 0.01642919099477239}