{"acc": 0.8295376896858215, "prec0": 0.8517259955406189, "prec1": 0.7583237886428833, "rec0": 0.9187729358673096, "rec1": 0.614418625831604, "auroc": 0.885693927823071, "auprc": 0.78505777396012, "minpse": 0.706183170618317, "brier": 0.12015796872989663}