{"acc": 0.975044310092926, "prec0": 0.9755364060401917, "prec1": 0.75, "rec0": 0.9994399547576904, "rec1": 0.0628272220492363, "auroc": 0.9839959329150911, "auprc": 0.5999693094561909, "minpse": 0.5968586387434555, "brier": 0.01601122850537331}