{"acc": 0.9566344022750854, "prec0": 0.9569627046585083, "prec1": 0.8918918967247009, "rec0": 0.9994274377822876, "rec1": 0.09510086476802826, "auroc": 0.967208191599337, "auprc": 0.6638714660735688, "minpse": 0.623229461756374, "brier": 0.028363772342628917}