{"acc": 0.9605891108512878, "prec0": 0.9619258046150208, "prec1": 0.8452380895614624, "rec0": 0.9981391429901123, "rec1": 0.2046109437942505, "auroc": 0.963282678984977, "auprc": 0.6049714372331523, "minpse": 0.5878962536023055, "brier": 0.028115327654930425}