{"acc": 0.9867721199989319, "prec0": 0.9870395660400391, "prec1": 0.3333333432674408, "rec0": 0.9997236132621765, "rec1": 0.010416666977107525, "auroc": 0.9877308737506333, "auprc": 0.47771553208699946, "minpse": 0.4358974358974359, "brier": 0.00950553041966938}