{"acc": 0.9873176217079163, "prec0": 0.9883784651756287, "prec1": 0.5789473652839661, "rec0": 0.9988945722579956, "rec1": 0.1145833358168602, "auroc": 0.9828651087006587, "auprc": 0.5421121899697467, "minpse": 0.6019417475728155, "brier": 0.00807564463813448}