{"acc": 0.9412245750427246, "prec0": 0.941481351852417, "prec1": 0.0, "rec0": 0.9997103214263916, "rec1": 0.0, "auroc": 0.827397785682838, "auprc": 0.28574713570214083, "minpse": 0.337995337995338, "brier": 0.05084516971350889}