{"acc": 0.9412245750427246, "prec0": 0.941481351852417, "prec1": 0.0, "rec0": 0.9997103214263916, "rec1": 0.0, "auroc": 0.8394657196800881, "auprc": 0.31672887965912816, "minpse": 0.3682983682983683, "brier": 0.04993606638012994}