{"acc": 0.986908495426178, "prec0": 0.9875733852386475, "prec1": 0.5, "rec0": 0.9993091225624084, "rec1": 0.0520833320915699, "auroc": 0.9808132974068444, "auprc": 0.5356864831428633, "minpse": 0.5, "brier": 0.009165675271639489}