{"acc": 0.9607254862785339, "prec0": 0.9624413251876831, "prec1": 0.8241758346557617, "rec0": 0.9977096915245056, "rec1": 0.2161383330821991, "auroc": 0.9661302844470332, "auprc": 0.6246838764962254, "minpse": 0.5890804597701149, "brier": 0.027082939685197854}