{"acc": 0.9412245750427246, "prec0": 0.9416018724441528, "prec1": 0.25, "rec0": 0.9995654821395874, "rec1": 0.0023310023825615644, "auroc": 0.8304695497627133, "auprc": 0.3016922675512183, "minpse": 0.37272727272727274, "brier": 0.05045731270330488}