{"acc": 0.8345834016799927, "prec0": 0.8431538343429565, "prec1": 0.7985815405845642, "rec0": 0.9461917281150818, "rec1": 0.5479318499565125, "auroc": 0.8924960977440212, "auprc": 0.7853185924637108, "minpse": 0.7124087591240876, "brier": 0.11562752188304688}