{"acc": 0.9059048295021057, "prec0": 0.9147253036499023, "prec1": 0.787401556968689, "rec0": 0.982994794845581, "rec1": 0.4073319733142853, "auroc": 0.9351822010485703, "auprc": 0.7030661069019729, "minpse": 0.6517311608961304, "brier": 0.06535998757487727}