{"acc": 0.9318150877952576, "prec0": 0.9338091015815735, "prec1": 0.855614960193634, "rec0": 0.9959701299667358, "rec1": 0.25276461243629456, "auroc": 0.9522121619391195, "auprc": 0.6677977633176286, "minpse": 0.6224328593996841, "brier": 0.0465585220858322}