{"acc": 0.944088339805603, "prec0": 0.9453461170196533, "prec1": 0.8709677457809448, "rec0": 0.9976577162742615, "rec1": 0.2151394486427307, "auroc": 0.9503607586926485, "auprc": 0.6415756247223932, "minpse": 0.6294820717131474, "brier": 0.03890508880079427}