{"acc": 0.9672712683677673, "prec0": 0.9677773118019104, "prec1": 0.875, "rec0": 0.9992920756340027, "rec1": 0.12962962687015533, "auroc": 0.9759177980188882, "auprc": 0.6406179508137434, "minpse": 0.6333333333333333, "brier": 0.021545659040751116}