{"acc": 0.9207691550254822, "prec0": 0.9291666746139526, "prec1": 0.7640750408172607, "rec0": 0.9865751266479492, "rec1": 0.36632391810417175, "auroc": 0.937089076216864, "auprc": 0.6555944908302455, "minpse": 0.5959849435382685, "brier": 0.05585753864536365}