{"acc": 0.9574525952339172, "prec0": 0.9580246806144714, "prec1": 0.8604651093482971, "rec0": 0.9991416335105896, "rec1": 0.10787171870470047, "auroc": 0.9672013747252427, "auprc": 0.6396172029660782, "minpse": 0.6122448979591837, "brier": 0.027601843466626457}