{"acc": 0.9755898118019104, "prec0": 0.9760863780975342, "prec1": 0.7333333492279053, "rec0": 0.9994403123855591, "rec1": 0.059139784425497055, "auroc": 0.9818812615564693, "auprc": 0.640957853254042, "minpse": 0.6335078534031413, "brier": 0.015557699036167159}