{"acc": 0.9900450110435486, "prec0": 0.9905802011489868, "prec1": 0.5, "rec0": 0.9994490146636963, "rec1": 0.054794520139694214, "auroc": 0.992705385108872, "auprc": 0.5405831020260838, "minpse": 0.5205479452054794, "brier": 0.006944896735721923}