{"acc": 0.8810855150222778, "prec0": 0.8894237875938416, "prec1": 0.8002915382385254, "rec0": 0.9773516058921814, "rec1": 0.427570104598999, "auroc": 0.9159852507739237, "auprc": 0.726086611371069, "minpse": 0.6739299610894942, "brier": 0.08316476820854644}