{"acc": 0.9963180422782898, "prec0": 0.9968617558479309, "prec1": 0.0, "rec0": 0.9994528293609619, "rec1": 0.0, "auroc": 0.9976089930410992, "auprc": 0.43266970427144025, "minpse": 0.48148148148148145, "brier": 0.002855234431346509}