{"acc": 0.9109504818916321, "prec0": 0.9174165725708008, "prec1": 0.8103837370872498, "rec0": 0.9868852496147156, "rec1": 0.3868534564971924, "auroc": 0.9329716143099411, "auprc": 0.6955653606242798, "minpse": 0.6580645161290323, "brier": 0.06325121632236469}