{"acc": 0.8744033575057983, "prec0": 0.8803912997245789, "prec1": 0.8054607510566711, "rec0": 0.9811694622039795, "rec1": 0.36903831362724304, "auroc": 0.9137474741917478, "auprc": 0.7131617529152975, "minpse": 0.6645817044566067, "brier": 0.08556416234813344}