{"acc": 0.9851356744766235, "prec0": 0.9856459498405457, "prec1": 0.7777777910232544, "rec0": 0.9994454979896545, "rec1": 0.11764705926179886, "auroc": 0.9892599124484837, "auprc": 0.5790402936055077, "minpse": 0.5416666666666666, "brier": 0.010257827141045561}