{"acc": 0.9468157887458801, "prec0": 0.9502103924751282, "prec1": 0.8275862336158752, "rec0": 0.9948604702949524, "rec1": 0.3212237060070038, "auroc": 0.9528684899891341, "auprc": 0.6766608998531741, "minpse": 0.6299810246679317, "brier": 0.03776682698429513}