{"acc": 0.9912723302841187, "prec0": 0.991676926612854, "prec1": 0.25, "rec0": 0.9995874166488647, "rec1": 0.016129031777381897, "auroc": 0.9947870683803532, "auprc": 0.5392698833692167, "minpse": 0.5176470588235295, "brier": 0.005683432159205444}