{"acc": 0.9318150877952576, "prec0": 0.9367178678512573, "prec1": 0.8172757625579834, "rec0": 0.9917193651199341, "rec1": 0.35600578784942627, "auroc": 0.9446287733499622, "auprc": 0.6765041813957307, "minpse": 0.6338639652677279, "brier": 0.048376916955612165}