{"acc": 0.9717714190483093, "prec0": 0.9720365405082703, "prec1": 0.0, "rec0": 0.9997194409370422, "rec1": 0.0, "auroc": 0.9180928526456982, "auprc": 0.3581817630944858, "minpse": 0.4029126213592233, "brier": 0.02407893220416708}