{"acc": 0.8330833315849304, "prec0": 0.8360571265220642, "prec1": 0.8217105269432068, "rec0": 0.9471837878227234, "rec1": 0.5672116279602051, "auroc": 0.8965732681138372, "auprc": 0.8079872438311416, "minpse": 0.7275204359673024, "brier": 0.11863405783358646}