{"acc": 0.9556797742843628, "prec0": 0.956653356552124, "prec1": 0.8484848737716675, "rec0": 0.9985636472702026, "rec1": 0.15094339847564697, "auroc": 0.9618843455926706, "auprc": 0.6288773631072065, "minpse": 0.6283422459893048, "brier": 0.02964409673147765}