{"acc": 0.941770076751709, "prec0": 0.9516175389289856, "prec1": 0.7750611305236816, "rec0": 0.9862295985221863, "rec1": 0.4861963093280792, "auroc": 0.9379260204058207, "auprc": 0.7038633546631325, "minpse": 0.6441717791411042, "brier": 0.04403677607949294}