{"acc": 0.9724532961845398, "prec0": 0.9773699641227722, "prec1": 0.5581395626068115, "rec0": 0.994663655757904, "rec1": 0.22641509771347046, "auroc": 0.9384043474920047, "auprc": 0.4194230224049807, "minpse": 0.4592274678111588, "brier": 0.055380696614360944}