{"acc": 0.9082230925559998, "prec0": 0.908532440662384, "prec1": 0.625, "rec0": 0.999549388885498, "rec1": 0.007407407276332378, "auroc": 0.6628697306498449, "auprc": 0.18129078976109994, "minpse": 0.21925925925925926, "brier": 0.10488344505899645}