{"acc": 0.8858584761619568, "prec0": 0.9044288992881775, "prec1": 0.7527839541435242, "rec0": 0.9632571935653687, "rec1": 0.5236250758171082, "auroc": 0.9095357798790855, "auprc": 0.7403159320590155, "minpse": 0.6555727554179567, "brier": 0.08160356752047061}