{"acc": 0.9089049696922302, "prec0": 0.9097127318382263, "prec1": 0.6521739363670349, "rec0": 0.9987984299659729, "rec1": 0.02222222276031971, "auroc": 0.7464332521166405, "auprc": 0.27077172024044793, "minpse": 0.2962962962962963, "brier": 0.07611292080008222}