{"acc": 0.9577253460884094, "prec0": 0.9640786051750183, "prec1": 0.7862595319747925, "rec0": 0.9918521642684937, "rec1": 0.447826087474823, "auroc": 0.9502976359921305, "auprc": 0.694256493738491, "minpse": 0.6347826086956522, "brier": 0.031827864997516817}