{"acc": 0.988135814666748, "prec0": 0.988135814666748, "prec1": NaN, "rec0": 1.0, "rec1": 0.0, "auroc": 0.9938864407156067, "auprc": 0.636087904093634, "minpse": 0.651685393258427, "brier": 0.0077312505907516866}