{"acc": 0.9721805453300476, "prec0": 0.9727956056594849, "prec1": 0.7222222089767456, "rec0": 0.9992978572845459, "rec1": 0.06132075563073158, "auroc": 0.9794787142997194, "auprc": 0.5899308066573136, "minpse": 0.5849056603773585, "brier": 0.018738585670677713}