{"acc": 0.8790399432182312, "prec0": 0.8897280693054199, "prec1": 0.7798036336898804, "rec0": 0.974036693572998, "rec1": 0.432348370552063, "auroc": 0.9184351275300452, "auprc": 0.7325530167414575, "minpse": 0.6765163297045101, "brier": 0.08267502599389304}