{"acc": 0.9393154382705688, "prec0": 0.939828097820282, "prec1": 0.0, "rec0": 0.999419629573822, "rec1": 0.0, "auroc": 0.8229176948395918, "auprc": 0.3197301505133194, "minpse": 0.36629213483146067, "brier": 0.0514972271115294}