{"acc": 0.9584072232246399, "prec0": 0.960337221622467, "prec1": 0.8144329786300659, "rec0": 0.9974163770675659, "rec1": 0.21584700047969818, "auroc": 0.9698496659897832, "auprc": 0.6469120398338984, "minpse": 0.6236559139784946, "brier": 0.028199922530145805}