{"acc": 0.9680894613265991, "prec0": 0.9695340394973755, "prec1": 0.8354430198669434, "rec0": 0.9981549978256226, "rec1": 0.22996515035629272, "auroc": 0.9708817417844509, "auprc": 0.5983774458235945, "minpse": 0.578397212543554, "brier": 0.02313606095090441}