{"acc": 0.9307241439819336, "prec0": 0.9356659054756165, "prec1": 0.7877551317214966, "rec0": 0.9922202229499817, "rec1": 0.29738059639930725, "auroc": 0.9463573061350197, "auprc": 0.651811945310546, "minpse": 0.6240369799691834, "brier": 0.04786645215141764}