{"acc": 0.7968089580535889, "prec0": 0.7927159070968628, "prec1": 0.8045886158943176, "rec0": 0.8851963877677917, "rec1": 0.6712871193885803, "auroc": 0.8738649602817591, "auprc": 0.8402801771591648, "minpse": 0.7471947194719472, "brier": 0.1422304957379327}