{"acc": 0.8401745557785034, "prec0": 0.8506020307540894, "prec1": 0.7973537445068359, "rec0": 0.9451667666435242, "rec1": 0.5651530027389526, "auroc": 0.8968671078504411, "auprc": 0.7878407687919441, "minpse": 0.7142152023692004, "brier": 0.1119792128959259}