{"acc": 0.8963589072227478, "prec0": 0.8986727595329285, "prec1": 0.8466257452964783, "rec0": 0.992122232913971, "rec1": 0.2799188494682312, "auroc": 0.9295369136718215, "auprc": 0.698841612729781, "minpse": 0.6565961732124874, "brier": 0.06967169638964807}