{"acc": 0.9116323590278625, "prec0": 0.9116203188896179, "prec1": 1.0, "rec0": 1.0, "rec1": 0.0015408321050927043, "auroc": 0.7905364004282239, "auprc": 0.3299375984501985, "minpse": 0.35714285714285715, "brier": 0.07452298121378975}