{"acc": 0.9907268285751343, "prec0": 0.991807758808136, "prec1": 0.1111111119389534, "rec0": 0.9988998770713806, "rec1": 0.016393441706895828, "auroc": 0.9911134556078558, "auprc": 0.4268944963930766, "minpse": 0.47619047619047616}