{"acc": 0.9432701468467712, "prec0": 0.9455128312110901, "prec1": 0.8407643437385559, "rec0": 0.9963289499282837, "rec1": 0.252390056848526, "auroc": 0.9513200416663157, "auprc": 0.6468258089507464, "minpse": 0.621414913957935}