{"acc": 0.9498159289360046, "prec0": 0.9499794840812683, "prec1": 0.875, "rec0": 0.999712347984314, "rec1": 0.03684210404753685, "auroc": 0.96349833846806, "auprc": 0.6198201798031848, "minpse": 0.6105263157894737, "brier": 0.03135643736530824}