{"acc": 0.9592254161834717, "prec0": 0.9605769515037537, "prec1": 0.7735849022865295, "rec0": 0.9982869625091553, "rec1": 0.125, "auroc": 0.9680589648508907, "auprc": 0.606055897019506, "minpse": 0.6132930513595166, "brier": 0.026724861837845067}