{"acc": 0.9990454316139221, "prec0": 0.9994543194770813, "prec1": 0.0, "rec0": 0.9995906949043274, "rec1": 0.0, "auroc": 0.9990448901623687, "auprc": 0.26378458498023716, "minpse": 0.5}