{"acc": 0.9293604493141174, "prec0": 0.9331350326538086, "prec1": 0.8321167826652527, "rec0": 0.9930649995803833, "rec1": 0.3257142901420593, "auroc": 0.9387911093881243, "auprc": 0.6659492776761775, "minpse": 0.6204986149584487, "brier": 0.05094054774466011}