{"acc": 0.9033138155937195, "prec0": 0.9062012434005737, "prec1": 0.8321678042411804, "rec0": 0.992539644241333, "rec1": 0.2647385895252228, "auroc": 0.9151661622436148, "auprc": 0.6373882642916712, "minpse": 0.6117908787541713, "brier": 0.06860772465219539}