{"acc": 0.9518614411354065, "prec0": 0.9528875350952148, "prec1": 0.8736842274665833, "rec0": 0.9982631206512451, "rec1": 0.19575472176074982, "auroc": 0.9603023264705319, "auprc": 0.6411372142637488, "minpse": 0.6212471131639723, "brier": 0.03317129565503554}