{"acc": 0.9390426874160767, "prec0": 0.9471886157989502, "prec1": 0.7532467246055603, "rec0": 0.9887073040008545, "rec1": 0.38474294543266296, "auroc": 0.9475184749851534, "auprc": 0.6315877332726545, "minpse": 0.5920398009950248, "brier": 0.04456218433513019}