{"acc": 0.9307241439819336, "prec0": 0.9365977644920349, "prec1": 0.7752808928489685, "rec0": 0.9910152554512024, "rec1": 0.3160305321216583, "auroc": 0.9461737184191454, "auprc": 0.6606081200048588, "minpse": 0.616793893129771, "brier": 0.04746308430989145}