{"acc": 0.9946815967559814, "prec0": 0.994952917098999, "prec1": 0.0, "rec0": 0.999725878238678, "rec1": 0.0, "auroc": 0.9896370465860598, "auprc": 0.4155491601338307, "minpse": 0.5135135135135135}