{"acc": 0.9305877685546875, "prec0": 0.9333333373069763, "prec1": 0.8430493474006653, "rec0": 0.9947534203529358, "rec1": 0.2839879095554352, "auroc": 0.9409063489396544, "auprc": 0.6592377163478129, "minpse": 0.6132930513595166, "brier": 0.04875853880941612}