{"acc": 0.9341333508491516, "prec0": 0.9350884556770325, "prec1": 0.8896104097366333, "rec0": 0.9974740147590637, "rec1": 0.22719734907150269, "auroc": 0.9542626146139043, "auprc": 0.6791674582755595, "minpse": 0.6235489220563848}