{"acc": 0.9431337714195251, "prec0": 0.9513475298881531, "prec1": 0.7385159134864807, "rec0": 0.9890871644020081, "rec1": 0.37862318754196167, "auroc": 0.9493414837707235, "auprc": 0.6389298205143291, "minpse": 0.592391304347826, "brier": 0.04086077158759103}