{"acc": 0.995227038860321, "prec0": 0.9957702159881592, "prec1": 0.0, "rec0": 0.9994522333145142, "rec1": 0.0, "auroc": 0.9948268702344032, "auprc": 0.3852381493149508, "minpse": 0.41935483870967744}