{"acc": 0.9506341218948364, "prec0": 0.9514549970626831, "prec1": 0.8780487775802612, "rec0": 0.9985526204109192, "rec1": 0.16981132328510284, "auroc": 0.9559389994456233, "auprc": 0.6503549418104201, "minpse": 0.625, "brier": 0.03355662694355045}