{"acc": 0.9414973258972168, "prec0": 0.9485875964164734, "prec1": 0.7430830001831055, "rec0": 0.9904143810272217, "rec1": 0.34057971835136414, "auroc": 0.9467618120964588, "auprc": 0.6145657617099701, "minpse": 0.5734767025089605, "brier": 0.041875719754505956}