{"acc": 0.9983635544776917, "prec0": 0.9983635544776917, "prec1": NaN, "rec0": 1.0, "rec1": 0.0, "auroc": 0.9997040477166143, "auprc": 0.8465698041065689, "minpse": 0.7692307692307693}