{"acc": 0.9813173413276672, "prec0": 0.9815725088119507, "prec1": 0.7142857313156128, "rec0": 0.9997219443321228, "rec1": 0.0357142873108387, "auroc": 0.9892067684852336, "auprc": 0.5857032545586688, "minpse": 0.5428571428571428}