{"acc": 0.9263603091239929, "prec0": 0.9314544796943665, "prec1": 0.7941176295280457, "rec0": 0.9915573596954346, "rec1": 0.3085714280605316, "auroc": 0.9373792293941549, "auprc": 0.6610145984704293, "minpse": 0.6028571428571429, "brier": 0.05179988154793101}