{"acc": 0.9986363053321838, "prec0": 0.99918133020401, "prec1": 0.0, "rec0": 0.9994540810585022, "rec1": 0.0, "auroc": 0.9958600609617397, "auprc": 0.2954182904033204, "minpse": 0.5555555555555556}