{"acc": 0.9382244944572449, "prec0": 0.9418767690658569, "prec1": 0.803108811378479, "rec0": 0.9943811893463135, "rec1": 0.2719298303127289, "auroc": 0.9415000609612157, "auprc": 0.6228811522733276, "minpse": 0.5726795096322241}