{"acc": 0.9084958434104919, "prec0": 0.913515031337738, "prec1": 0.800613522529602, "rec0": 0.9899474382400513, "rec1": 0.30103805661201477, "auroc": 0.925144603428242, "auprc": 0.6566961367372219, "minpse": 0.6162657502863689, "brier": 0.06396427132273788}