{"acc": 0.947770357131958, "prec0": 0.9510596990585327, "prec1": 0.8012422323226929, "rec0": 0.9953305125236511, "rec1": 0.26875001192092896, "auroc": 0.9580040979619632, "auprc": 0.6512733977142354, "minpse": 0.6166666666666667, "brier": 0.03607530224522331}