{"acc": 0.96086186170578, "prec0": 0.9615278840065002, "prec1": 0.8727272748947144, "rec0": 0.9990007281303406, "rec1": 0.1463414579629898, "auroc": 0.9687309587228635, "auprc": 0.659376210697532, "minpse": 0.6402439024390244, "brier": 0.02538315537997348}