{"acc": 0.9922268986701965, "prec0": 0.9927674531936646, "prec1": 0.20000000298023224, "rec0": 0.9994504451751709, "rec1": 0.018518518656492233, "auroc": 0.9763322190166537, "auprc": 0.49459926025570905, "minpse": 0.559322033898305}