{"acc": 0.9273148775100708, "prec0": 0.9285218715667725, "prec1": 0.859375, "rec0": 0.9973166584968567, "rec1": 0.17599999904632568, "auroc": 0.9535200954084675, "auprc": 0.6658445397970002, "minpse": 0.6288, "brier": 0.047292482753774054}