{"acc": 0.9431337714195251, "prec0": 0.9441905617713928, "prec1": 0.875, "rec0": 0.9979507923126221, "rec1": 0.19560877978801727, "auroc": 0.9483296287986088, "auprc": 0.6295056086703149, "minpse": 0.5968379446640316, "brier": 0.03971029542733922}