{"acc": 0.9570435285568237, "prec0": 0.9582988023757935, "prec1": 0.8571428656578064, "rec0": 0.9981303215026855, "rec1": 0.205263152718544, "auroc": 0.9588541863792229, "auprc": 0.6186929892307018, "minpse": 0.5894736842105263, "brier": 0.030263808868187383}