{"acc": 0.9305877685546875, "prec0": 0.9364309906959534, "prec1": 0.801261842250824, "rec0": 0.9905020594596863, "rec1": 0.3628571331501007, "auroc": 0.9365702870926752, "auprc": 0.6553155782800076, "minpse": 0.5985714285714285, "brier": 0.05117060624017058}