{"acc": 0.9296331405639648, "prec0": 0.9310777187347412, "prec1": 0.860927164554596, "rec0": 0.9968693852424622, "rec1": 0.20800000429153442, "auroc": 0.9440508050089444, "auprc": 0.6406719509918867, "minpse": 0.5968}