{"acc": 0.9457247853279114, "prec0": 0.9501544237136841, "prec1": 0.7962085604667664, "rec0": 0.993685781955719, "rec1": 0.3212237060070038, "auroc": 0.9500602252339518, "auprc": 0.6368605046343965, "minpse": 0.5899814471243042, "brier": 0.03922585257223494}