{"acc": 0.9844538569450378, "prec0": 0.9848423004150391, "prec1": 0.699999988079071, "rec0": 0.9995841979980469, "rec1": 0.05932203307747841, "auroc": 0.9842865029305707, "auprc": 0.5763776678859207, "minpse": 0.576271186440678}