{"acc": 0.950088620185852, "prec0": 0.9528130888938904, "prec1": 0.8352941274642944, "rec0": 0.9959142208099365, "rec1": 0.2958333194255829, "auroc": 0.9554951602704411, "auprc": 0.6478159389679548, "minpse": 0.63125}