{"acc": 0.9986363053321838, "prec0": 0.99918133020401, "prec1": 0.0, "rec0": 0.9994540810585022, "rec1": 0.0, "auroc": 0.9991128702060871, "auprc": 0.306456043956044, "minpse": 0.5, "brier": 0.001144130621499968}