{"acc": 0.9453157186508179, "prec0": 0.9472805857658386, "prec1": 0.8472222089767456, "rec0": 0.9967798590660095, "rec1": 0.24351297318935394, "auroc": 0.9533900582909124, "auprc": 0.6670543825216984, "minpse": 0.6227897838899804, "brier": 0.03745941805632281}