{"acc": 0.9091776609420776, "prec0": 0.9146411418914795, "prec1": 0.7964601516723633, "rec0": 0.9893288016319275, "rec1": 0.31141868233680725, "auroc": 0.9234862974137454, "auprc": 0.6476714004932369, "minpse": 0.6129398410896708, "brier": 0.06394957808896834}