{"acc": 0.9705440998077393, "prec0": 0.9721992611885071, "prec1": 0.7910447716712952, "rec0": 0.9980220198631287, "rec1": 0.2078431397676468, "auroc": 0.974105347140269, "auprc": 0.601522460107056, "minpse": 0.6068702290076335}