{"acc": 0.9054957032203674, "prec0": 0.9110697507858276, "prec1": 0.7942857146263123, "rec0": 0.9888094663619995, "rec1": 0.3092324733734131, "auroc": 0.9185899920576276, "auprc": 0.640218641489215, "minpse": 0.6057585825027686, "brier": 0.06715491594393738}