{"acc": 0.9604527354240417, "prec0": 0.9622745513916016, "prec1": 0.7714285850524902, "rec0": 0.9977158904075623, "rec1": 0.16463415324687958, "auroc": 0.9723807907243955, "auprc": 0.6181843005714629, "minpse": 0.6306306306306306, "brier": 0.025944206828106792}