{"acc": 0.9474976062774658, "prec0": 0.9548469185829163, "prec1": 0.7357723712921143, "rec0": 0.9904859662055969, "rec1": 0.36127743124961853, "auroc": 0.9553165332099268, "auprc": 0.6198547500402584, "minpse": 0.6067864271457086, "brier": 0.03735909957436652}