{"acc": 0.9131324291229248, "prec0": 0.9207448959350586, "prec1": 0.7832512259483337, "rec0": 0.9863903522491455, "rec1": 0.366782009601593, "auroc": 0.9249171694295883, "auprc": 0.6532150220300129, "minpse": 0.6124567474048442, "brier": 0.06288647043335556}