{"acc": 0.9684985876083374, "prec0": 0.9703255891799927, "prec1": 0.7222222089767456, "rec0": 0.997880756855011, "rec1": 0.15294118225574493, "auroc": 0.9723190886979262, "auprc": 0.588753902330748, "minpse": 0.5843137254901961, "brier": 0.020638646226550688}