{"acc": 0.9558161497116089, "prec0": 0.9592690467834473, "prec1": 0.8048780560493469, "rec0": 0.9953683614730835, "rec1": 0.3113207519054413, "auroc": 0.957298997479361, "auprc": 0.6231562357488437, "minpse": 0.5985915492957746, "brier": 0.032472431302618114}