{"acc": 0.9314059615135193, "prec0": 0.9352204203605652, "prec1": 0.8146551847457886, "rec0": 0.9935667514801025, "rec1": 0.29121726751327515, "auroc": 0.9447417838427485, "auprc": 0.6470179129122453, "minpse": 0.5953846153846154, "brier": 0.048137527738272824}