{"acc": 0.9314059615135193, "prec0": 0.9325385689735413, "prec1": 0.8916256427764893, "rec0": 0.9967021346092224, "rec1": 0.27341389656066895, "auroc": 0.9452101602236491, "auprc": 0.6817249608280733, "minpse": 0.6465256797583081}