{"acc": 0.9402700066566467, "prec0": 0.9451227784156799, "prec1": 0.7740384340286255, "rec0": 0.9930688738822937, "rec1": 0.2916666567325592, "auroc": 0.943053667643394, "auprc": 0.6197614948449955, "minpse": 0.5887681159420289, "brier": 0.042497316819871}