{"acc": 0.9386335611343384, "prec0": 0.9409135580062866, "prec1": 0.8448275923728943, "rec0": 0.9960076808929443, "rec1": 0.25789472460746765, "auroc": 0.9522283269907729, "auprc": 0.6721556655296037, "minpse": 0.6473684210526316, "brier": 0.042003254464857025}