{"acc": 0.9045411348342896, "prec0": 0.9070890545845032, "prec1": 0.8435373902320862, "rec0": 0.9928471446037292, "rec1": 0.27494457364082336, "auroc": 0.920694901807728, "auprc": 0.6601256536073427, "minpse": 0.614190687361419, "brier": 0.06736925808283015}