{"acc": 0.9855448007583618, "prec0": 0.9855448007583618, "prec1": NaN, "rec0": 1.0, "rec1": 0.0, "auroc": 0.9821398268025304, "auprc": 0.5683335444195288, "minpse": 0.5403225806451613}