{"acc": 0.9324969053268433, "prec0": 0.936590850353241, "prec1": 0.817460298538208, "rec0": 0.9931117296218872, "rec1": 0.31450381875038147, "auroc": 0.9490467731573882, "auprc": 0.6625993316153503, "minpse": 0.6120300751879699, "brier": 0.047422919385175476}