{"acc": 0.9083594679832458, "prec0": 0.9141377806663513, "prec1": 0.8026315569877625, "rec0": 0.9883377552032471, "rec1": 0.3381374776363373, "auroc": 0.9215375497219159, "auprc": 0.6546453163916758, "minpse": 0.6193619361936193, "brier": 0.06597436191579087}