{"acc": 0.9065866470336914, "prec0": 0.9123511910438538, "prec1": 0.7955800890922546, "rec0": 0.9884986281394958, "rec1": 0.32035595178604126, "auroc": 0.9194228692606679, "auprc": 0.6511427045380325, "minpse": 0.6108048511576626, "brier": 0.06656001944476532}