{"acc": 0.9300422668457031, "prec0": 0.9339715838432312, "prec1": 0.8086956739425659, "rec0": 0.9934111833572388, "rec1": 0.2839694619178772, "auroc": 0.9459912804720525, "auprc": 0.6664648534117374, "minpse": 0.6219512195121951, "brier": 0.04775512204040683}