{"acc": 0.9350879788398743, "prec0": 0.9366910457611084, "prec1": 0.8844444155693054, "rec0": 0.9961101412773132, "rec1": 0.3066255748271942, "auroc": 0.9513646645071042, "auprc": 0.695074360555822, "minpse": 0.6370597243491577}