{"acc": 0.9046775102615356, "prec0": 0.9081458449363708, "prec1": 0.8263665437698364, "rec0": 0.9916031956672668, "rec1": 0.28492239117622375, "auroc": 0.9239891241874774, "auprc": 0.672258469896297, "minpse": 0.6286031042128604, "brier": 0.06596171501369912}