{"acc": 0.9649529457092285, "prec0": 0.965781569480896, "prec1": 0.7407407164573669, "rec0": 0.9990088939666748, "rec1": 0.07407407462596893, "auroc": 0.9712631291917714, "auprc": 0.6354304399773246, "minpse": 0.6185185185185185, "brier": 0.02256668480484357}