{"acc": 0.9672712683677673, "prec0": 0.968034029006958, "prec1": 0.8409090638160706, "rec0": 0.9990088939666748, "rec1": 0.13703703880310059, "auroc": 0.973993319384796, "auprc": 0.6417146679479061, "minpse": 0.6259259259259259, "brier": 0.022060842284150478}