{"acc": 0.929905891418457, "prec0": 0.932407796382904, "prec1": 0.8415841460227966, "rec0": 0.9952102899551392, "rec1": 0.2607361972332001, "auroc": 0.9522975372886943, "auprc": 0.6789972356501458, "minpse": 0.6509146341463414, "brier": 0.046964447419521646}