{"acc": 0.9944088459014893, "prec0": 0.9948136806488037, "prec1": 0.5, "rec0": 0.9995886087417603, "rec1": 0.0731707289814949, "auroc": 0.9948339643846247, "auprc": 0.5098515838231649, "minpse": 0.5348837209302325, "brier": 0.0039410279121828255}