{"acc": 0.7965362071990967, "prec0": 0.7404704093933105, "prec1": 0.8078688383102417, "rec0": 0.4378896951675415, "rec1": 0.9390243887901306, "auroc": 0.8631887630139791, "auprc": 0.9426194967927807, "minpse": 0.857904761904762, "brier": 0.1341816879266637}