{"acc": 0.8834037780761719, "prec0": 0.8914716839790344, "prec1": 0.8079096078872681, "rec0": 0.9774909019470215, "rec1": 0.44306740164756775, "auroc": 0.9210760924496763, "auprc": 0.7428216528066417, "minpse": 0.6870642912470952, "brier": 0.08034774911028035}