{"acc": 0.8075821399688721, "prec0": 0.7971968650817871, "prec1": 0.8262194991111755, "rec0": 0.8916864395141602, "rec1": 0.6942042708396912, "auroc": 0.8834350611469726, "auprc": 0.8597797493839566, "minpse": 0.7694524495677233, "brier": 0.13774136057815362}