{"acc": 0.9609982371330261, "prec0": 0.9624432325363159, "prec1": 0.796875, "rec0": 0.9981452226638794, "rec1": 0.15740740299224854, "auroc": 0.9648067123574805, "auprc": 0.6091313201348705, "minpse": 0.598159509202454, "brier": 0.026386852837142108}