{"acc": 0.9987726807594299, "prec0": 0.9991814494132996, "prec1": 0.0, "rec0": 0.9995905756950378, "rec1": 0.0, "auroc": 0.9995678085619398, "auprc": 0.4352843915343916, "minpse": 0.625, "brier": 0.0008468112118147847}