{"acc": 0.980908215045929, "prec0": 0.9814359545707703, "prec1": 0.4285714328289032, "rec0": 0.9994440078735352, "rec1": 0.02158273383975029, "auroc": 0.9824039017326589, "auprc": 0.5521087863684473, "minpse": 0.5506329113924051, "brier": 0.012495857828989335}