{"acc": 0.9533615112304688, "prec0": 0.9562665820121765, "prec1": 0.8352272510528564, "rec0": 0.9957805871963501, "rec1": 0.31956520676612854, "auroc": 0.9609710967301159, "auprc": 0.6595175558027183, "minpse": 0.6195652173913043, "brier": 0.03362710122701453}