{"acc": 0.9719077944755554, "prec0": 0.9724006056785583, "prec1": 0.7142857313156128, "rec0": 0.9994382858276367, "rec1": 0.04716981202363968, "auroc": 0.9790335785995712, "auprc": 0.5887166249043629, "minpse": 0.5504587155963303, "brier": 0.01878826710986045}