{"acc": 0.9777716994285583, "prec0": 0.9807824492454529, "prec1": 0.5208333134651184, "rec0": 0.9967913031578064, "rec1": 0.1515151560306549, "auroc": 0.9589125067640694, "auprc": 0.3966602391020951, "minpse": 0.4303030303030303, "brier": 0.051818197244621104}