{"acc": 0.98472660779953, "prec0": 0.9851133823394775, "prec1": 0.7272727489471436, "rec0": 0.9995842576026917, "rec1": 0.0683760717511177, "auroc": 0.9679060776621752, "auprc": 0.38775467277173936, "minpse": 0.41025641025641024, "brier": 0.048048541571394515}