{"acc": 0.9080867171287537, "prec0": 0.908532440662384, "prec1": 0.5, "rec0": 0.9993993043899536, "rec1": 0.005934718064963818, "auroc": 0.6658840158764182, "auprc": 0.18053852825660827, "minpse": 0.21605839416058395, "brier": 0.10472703365647497}