{"acc": 0.8828583359718323, "prec0": 0.902427613735199, "prec1": 0.7442116737365723, "rec0": 0.9615320563316345, "rec1": 0.518433153629303, "auroc": 0.9055583530153094, "auprc": 0.7252602596434001, "minpse": 0.651840490797546, "brier": 0.08433798121739783}