{"acc": 0.9731351137161255, "prec0": 0.9779096841812134, "prec1": 0.5888888835906982, "rec0": 0.9948033690452576, "rec1": 0.2488262951374054, "auroc": 0.9469397847760722, "auprc": 0.4237806690738021, "minpse": 0.4439252336448598, "brier": 0.05532891791558531}