{"acc": 0.8179462552070618, "prec0": 0.8355749249458313, "prec1": 0.772638738155365, "rec0": 0.9042640328407288, "rec1": 0.6464358568191528, "auroc": 0.8830518834719916, "auprc": 0.8126387114554056, "minpse": 0.7262729124236252, "brier": 0.12650359311810788}