{"acc": 0.9549979567527771, "prec0": 0.9608480334281921, "prec1": 0.7945736646652222, "rec0": 0.992263913154602, "rec1": 0.42531120777130127, "auroc": 0.9408227650686728, "auprc": 0.6812761304702012, "minpse": 0.6286307053941909, "brier": 0.034164245745839865}