{"acc": 0.9829537868499756, "prec0": 0.9854267835617065, "prec1": 0.84375, "rec0": 0.9971910119056702, "rec1": 0.5070422291755676, "auroc": 0.9820020309120643, "auprc": 0.7700115954197838, "minpse": 0.676056338028169, "brier": 0.012806885484497188}