{"acc": 0.863493800163269, "prec0": 0.9082792401313782, "prec1": 0.6283034682273865, "rec0": 0.9277068376541138, "rec1": 0.5660521984100342, "auroc": 0.8792371008876055, "auprc": 0.6546849836304163, "minpse": 0.6029185867895546, "brier": 0.11223117269793145}