{"acc": 0.9994544982910156, "prec0": 0.9994544982910156, "prec1": NaN, "rec0": 1.0, "rec1": 0.0, "auroc": 0.999556556146814, "auprc": 0.518154761904762, "minpse": 0.42857142857142855, "brier": 0.038104665102920716}