{"acc": 0.9532251358032227, "prec0": 0.965886652469635, "prec1": 0.5774058699607849, "rec0": 0.9854738712310791, "rec1": 0.36315789818763733, "auroc": 0.9114978767211426, "auprc": 0.47218864457460535, "minpse": 0.49606299212598426, "brier": 0.06703142190957001}