{"acc": 0.7483976483345032, "prec0": 0.7003465890884399, "prec1": 0.7987158298492432, "rec0": 0.784647524356842, "rec1": 0.7179422974586487, "auroc": 0.8324859201695726, "auprc": 0.8617580944182736, "minpse": 0.7681304893350063, "brier": 0.16733470751806045}