{"acc": 0.7717168927192688, "prec0": 0.74303138256073, "prec1": 0.7971200942993164, "rec0": 0.7643369436264038, "rec1": 0.777917206287384, "auroc": 0.8595461025440383, "auprc": 0.8846787163762567, "minpse": 0.7903711133400201, "brier": 0.1523344580690816}