{"acc": 0.8989499807357788, "prec0": 0.9354838728904724, "prec1": 0.5834428668022156, "rec0": 0.9509667158126831, "rec1": 0.5115207433700562, "auroc": 0.8936098666695178, "auprc": 0.5965551307417577, "minpse": 0.5541619156214367, "brier": 0.09339304241101569}