{"acc": 0.7996727228164673, "prec0": 0.8379932641983032, "prec1": 0.7152838706970215, "rec0": 0.8663386702537537, "rec1": 0.667209804058075, "auroc": 0.858502741850229, "auprc": 0.7776941422177149, "minpse": 0.6993890020366599, "brier": 0.14324561332062075}