{"acc": 0.9953634142875671, "prec0": 0.9953634142875671, "prec1": NaN, "rec0": 1.0, "rec1": 0.0, "auroc": 0.9856910293916168, "auprc": 0.37109467223484865, "minpse": 0.34146341463414637, "brier": 0.04102894329210879}