{"acc": 0.9788627028465271, "prec0": 0.9813681840896606, "prec1": 0.8510638475418091, "rec0": 0.9970334768295288, "rec1": 0.4724409580230713, "auroc": 0.9738530176311659, "auprc": 0.7378072352851036, "minpse": 0.6770428015564203, "brier": 0.016197501276782846}