{"acc": 0.9674075841903687, "prec0": 0.9736841917037964, "prec1": 0.5663716793060303, "rec0": 0.9930781126022339, "rec1": 0.25196850299835205, "auroc": 0.9333428250130974, "auprc": 0.43977842368159153, "minpse": 0.468503937007874, "brier": 0.0583274342782091}