{"acc": 0.9243147373199463, "prec0": 0.9488297700881958, "prec1": 0.5528634190559387, "rec0": 0.9698365330696106, "rec1": 0.416252076625824, "auroc": 0.9037309736606713, "auprc": 0.5306639822322963, "minpse": 0.5}