{"acc": 0.9919542074203491, "prec0": 0.9919520020484924, "prec1": 1.0, "rec0": 1.0, "rec1": 0.032786883413791656, "auroc": 0.9791204530289095, "auprc": 0.3212098764521946, "minpse": 0.29850746268656714}