{"acc": 0.9290876984596252, "prec0": 0.9521946907043457, "prec1": 0.5581395626068115, "rec0": 0.9719059467315674, "rec1": 0.42105263471603394, "auroc": 0.9058063612380055, "auprc": 0.5321801885967871, "minpse": 0.5070175438596491}