{"acc": 0.9824082851409912, "prec0": 0.9835706353187561, "prec1": 0.6896551847457886, "rec0": 0.998748779296875, "rec1": 0.1428571492433548, "auroc": 0.9623314333379676, "auprc": 0.40707240394236793, "minpse": 0.4142857142857143}