{"acc": 0.9843174815177917, "prec0": 0.9855032563209534, "prec1": 0.5714285969734192, "rec0": 0.9987525939941406, "rec1": 0.10169491171836853, "auroc": 0.9689112841655215, "auprc": 0.39277286076843676, "minpse": 0.42016806722689076}