{"acc": 0.9586799144744873, "prec0": 0.9698541760444641, "prec1": 0.5621890425682068, "rec0": 0.9874375462532043, "rec1": 0.3445121943950653, "auroc": 0.9247314635887257, "auprc": 0.45921801430060655, "minpse": 0.486404833836858, "brier": 0.06341013005143295}