{"acc": 0.9185872077941895, "prec0": 0.9453079104423523, "prec1": 0.5633528232574463, "rec0": 0.9664218425750732, "rec1": 0.4365558922290802, "auroc": 0.8999635886220786, "auprc": 0.5470413650577411, "minpse": 0.5120845921450151}