{"acc": 0.9391790628433228, "prec0": 0.9577121734619141, "prec1": 0.5770308375358582, "rec0": 0.977898120880127, "rec1": 0.4111776351928711, "auroc": 0.906427484609236, "auprc": 0.5173007037039976, "minpse": 0.4930966469428008, "brier": 0.07424422732450679}