{"acc": 0.992908775806427, "prec0": 0.9929068088531494, "prec1": 1.0, "rec0": 1.0, "rec1": 0.03703703731298447, "auroc": 0.9805630606564801, "auprc": 0.3345417719120154, "minpse": 0.2857142857142857}