{"acc": 0.9994544982910156, "prec0": 0.9994544982910156, "prec1": NaN, "rec0": 1.0, "rec1": 0.0, "auroc": 0.9994542229499249, "auprc": 0.5083104395604395, "minpse": 0.5}