{"acc": 0.9161325693130493, "prec0": 0.9408145546913147, "prec1": 0.5838264226913452, "rec0": 0.9681893587112427, "rec1": 0.4228571355342865, "auroc": 0.8920632766901423, "auprc": 0.5440111559116189, "minpse": 0.5106382978723404, "brier": 0.08635292914216723}