{"acc": 0.9218600988388062, "prec0": 0.9468317627906799, "prec1": 0.5555555820465088, "rec0": 0.9689922332763672, "rec1": 0.41600000858306885, "auroc": 0.9032756112104949, "auprc": 0.5344590697519219, "minpse": 0.504}