{"acc": 0.9991818070411682, "prec0": 0.9991818070411682, "prec1": NaN, "rec0": 1.0, "rec1": 0.0, "auroc": 0.9990901232882944, "auprc": 0.4770704391394046, "minpse": 0.5714285714285714}