{"acc": 0.995090663433075, "prec0": 0.9950900077819824, "prec1": 1.0, "rec0": 1.0, "rec1": 0.027027027681469917, "auroc": 0.9839934506875296, "auprc": 0.36676702013587803, "minpse": 0.35135135135135137}