{"acc": 0.8891313076019287, "prec0": 0.9211748838424683, "prec1": 0.5651515126228333, "rec0": 0.9553931951522827, "rec1": 0.41490545868873596, "auroc": 0.8685025637231021, "auprc": 0.5398315647947098, "minpse": 0.5033333333333333, "brier": 0.10017992866725309}