{"acc": 0.9194054007530212, "prec0": 0.945672869682312, "prec1": 0.5634920597076416, "rec0": 0.9670559763908386, "rec1": 0.43358778953552246, "auroc": 0.9019505771486183, "auprc": 0.5462807000532435, "minpse": 0.5099236641221374, "brier": 0.08323088626701881}