{"acc": 0.895540714263916, "prec0": 0.9261363744735718, "prec1": 0.578294575214386, "rec0": 0.957933783531189, "rec1": 0.4302191436290741, "auroc": 0.8750233231335874, "auprc": 0.5467079893588895, "minpse": 0.5121107266435986, "brier": 0.09736628189118064}