{"acc": 0.9983635544776917, "prec0": 0.9983635544776917, "prec1": NaN, "rec0": 1.0, "rec1": 0.0, "auroc": 0.9955948640896053, "auprc": 0.47267064158156186, "minpse": 0.5}