{"acc": 0.9416337013244629, "prec0": 0.9582085013389587, "prec1": 0.5807453393936157, "rec0": 0.9803006052970886, "rec1": 0.3895833194255829, "auroc": 0.9069160708205652, "auprc": 0.509884771157252, "minpse": 0.495850622406639}