{"acc": 0.8898131847381592, "prec0": 0.9211984872817993, "prec1": 0.5714285969734192, "rec0": 0.9561498761177063, "rec1": 0.4168514311313629, "auroc": 0.871400343610029, "auprc": 0.5430015057930777, "minpse": 0.5071982281284607, "brier": 0.10010649380450365}