{"acc": 0.9856811761856079, "prec0": 0.9866083860397339, "prec1": 0.5333333611488342, "rec0": 0.9990314245223999, "rec1": 0.07547169923782349, "auroc": 0.9756873464549867, "auprc": 0.3824062676013302, "minpse": 0.41284403669724773}