{"acc": 0.9957725405693054, "prec0": 0.9957725405693054, "prec1": NaN, "rec0": 1.0, "rec1": 0.0, "auroc": 0.9846926604288706, "auprc": 0.3075734737783603, "minpse": 0.3333333333333333}