{"acc": 0.9994544982910156, "prec0": 0.9994520545005798, "prec1": 1.0, "rec0": 1.0, "rec1": 0.8918918967247009, "auroc": 1.0, "auprc": 0.9999999999999998, "minpse": 1.0, "brier": 0.0006765960408456672}