{"acc": 0.9729987978935242, "prec0": 0.9739797115325928, "prec1": 0.7419354915618896, "rec0": 0.9988763928413391, "rec1": 0.10798121988773346, "auroc": 0.985856807511737, "auprc": 0.6292976741830933, "minpse": 0.6150234741784038, "brier": 0.017287510427057465}