{"acc": 0.9412245750427246, "prec0": 0.9460375905036926, "prec1": 0.8070865869522095, "rec0": 0.9927364587783813, "rec1": 0.34923338890075684, "auroc": 0.9450511654076287, "auprc": 0.6537636659848938, "minpse": 0.6098807495741057, "brier": 0.04295072347939597}