{"acc": 0.9773626327514648, "prec0": 0.977886974811554, "prec1": 0.4285714328289032, "rec0": 0.9994419813156128, "rec1": 0.0181818176060915, "auroc": 0.9740724770021644, "auprc": 0.46962126617433664, "minpse": 0.4715909090909091, "brier": 0.01578499417632579}