{"acc": 0.7809900641441345, "prec0": 0.7678351998329163, "prec1": 0.7914726734161377, "rec0": 0.7458183765411377, "rec1": 0.8105395436286926, "auroc": 0.8679322399260069, "auprc": 0.8923431211390686, "minpse": 0.8, "brier": 0.14959334161572144}