{"acc": 0.9843174815177917, "prec0": 0.9848423004150391, "prec1": 0.6000000238418579, "rec0": 0.9994456768035889, "rec1": 0.05128205195069313, "auroc": 0.9821431955578296, "auprc": 0.5281840527249368, "minpse": 0.5169491525423728, "brier": 0.010654728781265617}