{"acc": 0.9404063820838928, "prec0": 0.941992461681366, "prec1": 0.8826530575752258, "rec0": 0.9965905547142029, "rec1": 0.2947189211845398, "auroc": 0.9517835289863233, "auprc": 0.6921211969341672, "minpse": 0.6439522998296422, "brier": 0.04199163869643178}