{"acc": 0.9080867171287537, "prec0": 0.9083094596862793, "prec1": 0.5, "rec0": 0.9996996521949768, "rec1": 0.002967359032481909, "auroc": 0.805398463425818, "auprc": 0.3297780440560911, "minpse": 0.3497822931785196, "brier": 0.07597698453098249}