{"acc": 0.8229919672012329, "prec0": 0.832713782787323, "prec1": 0.7962109446525574, "rec0": 0.9184091687202454, "rec1": 0.6334012150764465, "auroc": 0.8902029061023807, "auprc": 0.8187222538481282, "minpse": 0.7372708757637475, "brier": 0.12425049923039426}