{"acc": 0.96086186170578, "prec0": 0.9613123536109924, "prec1": 0.7777777910232544, "rec0": 0.9994314908981323, "rec1": 0.047138046473264694, "auroc": 0.9726682209627066, "auprc": 0.6261474260870812, "minpse": 0.6131147540983607, "brier": 0.024880747558683112}