{"acc": 0.9724532961845398, "prec0": 0.9731873869895935, "prec1": 0.739130437374115, "rec0": 0.9991573095321655, "rec1": 0.07981220632791519, "auroc": 0.980232895500343, "auprc": 0.574043728284403, "minpse": 0.5650224215246636, "brier": 0.017723170664120408}