{"acc": 0.9949542880058289, "prec0": 0.9954967498779297, "prec1": 0.20000000298023224, "rec0": 0.9994519948959351, "rec1": 0.029411764815449715, "auroc": 0.9982431114657125, "auprc": 0.6174068440638686, "minpse": 0.7105263157894737, "brier": 0.003369931202690339}