{"acc": 0.8794490694999695, "prec0": 0.8837035894393921, "prec1": 0.8338658213615417, "rec0": 0.9827557802200317, "rec1": 0.40092167258262634, "auroc": 0.9217762757244253, "auprc": 0.7449714079504501, "minpse": 0.6789554531490015, "brier": 0.08272704872932034}