{"acc": 0.9839083552360535, "prec0": 0.984438955783844, "prec1": 0.4285714328289032, "rec0": 0.9994456768035889, "rec1": 0.025641025975346565, "auroc": 0.9832530274603446, "auprc": 0.6176633998995786, "minpse": 0.5811965811965812, "brier": 0.010907042604048438}