{"acc": 0.8238101601600647, "prec0": 0.8262372612953186, "prec1": 0.8165487051010132, "rec0": 0.9309142827987671, "rec1": 0.6109979748725891, "auroc": 0.8904724566593936, "auprc": 0.8225683043380403, "minpse": 0.7384928716904277, "brier": 0.12459517579757402}