{"acc": 0.9674075841903687, "prec0": 0.9707715511322021, "prec1": 0.7543859481811523, "rec0": 0.996020495891571, "rec1": 0.28956228494644165, "auroc": 0.970516707725349, "auprc": 0.6005583578818725, "minpse": 0.6055900621118012, "brier": 0.02305069990954616}