{"acc": 0.9153143167495728, "prec0": 0.9253275394439697, "prec1": 0.7667386531829834, "rec0": 0.983294665813446, "rec1": 0.4089861810207367, "auroc": 0.9323876171230411, "auprc": 0.6860022486100399, "minpse": 0.6290322580645161, "brier": 0.059783808794471927}