{"acc": 0.9518614411354065, "prec0": 0.952674925327301, "prec1": 0.8139534592628479, "rec0": 0.9988493919372559, "rec1": 0.09210526198148727, "auroc": 0.9660226180293245, "auprc": 0.6228309960546643, "minpse": 0.618421052631579, "brier": 0.03097839189087326}