{"acc": 0.9119051098823547, "prec0": 0.9164162278175354, "prec1": 0.8208092451095581, "rec0": 0.9904099106788635, "rec1": 0.3271889388561249, "auroc": 0.936755785316896, "auprc": 0.6892791887263836, "minpse": 0.6498277841561424, "brier": 0.06082936642145959}