{"acc": 0.9549979567527771, "prec0": 0.9559410810470581, "prec1": 0.8571428656578064, "rec0": 0.9985617995262146, "rec1": 0.15789473056793213, "auroc": 0.9667913131022579, "auprc": 0.6336825973975108, "minpse": 0.6167979002624672, "brier": 0.029896967275760408}