{"acc": 0.995090663433075, "prec0": 0.9953621625900269, "prec1": 0.0, "rec0": 0.9997259974479675, "rec1": 0.0, "auroc": 0.9957326950508933, "auprc": 0.46037099226644673, "minpse": 0.5555555555555556, "brier": 0.0036430622580506194}