{"acc": 0.9837719798088074, "prec0": 0.984040379524231, "prec1": 0.0, "rec0": 0.9997228384017944, "rec1": 0.0, "auroc": 0.9822942132393353, "auprc": 0.5879074161011218, "minpse": 0.5384615384615384, "brier": 0.010520692132614725}