{"acc": 0.9534978866577148, "prec0": 0.9543705582618713, "prec1": 0.8421052694320679, "rec0": 0.9987055659294128, "rec1": 0.12631578743457794, "auroc": 0.9596577017114915, "auprc": 0.5961890254822618, "minpse": 0.6031331592689295, "brier": 0.03148854321883683}