{"acc": 0.9777716994285583, "prec0": 0.978418231010437, "prec1": 0.5833333134651184, "rec0": 0.9993024468421936, "rec1": 0.042424242943525314, "auroc": 0.9800071022727271, "auprc": 0.539674006733681, "minpse": 0.5568862275449101, "brier": 0.014588706307889714}