{"acc": 0.9990454316139221, "prec0": 0.9994543194770813, "prec1": 0.0, "rec0": 0.9995906949043274, "rec1": 0.0, "auroc": 0.9995906672124437, "auprc": 0.35892857142857143, "minpse": 0.5714285714285714, "brier": 0.0008398490399002118}