{"acc": 0.9376789927482605, "prec0": 0.9389920234680176, "prec1": 0.8823529481887817, "rec0": 0.9970352649688721, "rec1": 0.25553661584854126, "auroc": 0.9521267192975987, "auprc": 0.6859464861037854, "minpse": 0.6438127090301003, "brier": 0.04253869861454473}