{"acc": 0.8790399432182312, "prec0": 0.8901699185371399, "prec1": 0.7800269722938538, "rec0": 0.9729729890823364, "rec1": 0.4439324140548706, "auroc": 0.9199721688837066, "auprc": 0.7310409621128721, "minpse": 0.6789554531490015, "brier": 0.08266083542144104}