{"acc": 0.9991818070411682, "prec0": 0.9994543790817261, "prec1": 0.0, "rec0": 0.9997271299362183, "rec1": 0.0, "auroc": 0.9997271114749624, "auprc": 0.4416666666666667, "minpse": 0.6666666666666666, "brier": 0.0005338015355608217}