{"acc": 0.9633165001869202, "prec0": 0.9640653133392334, "prec1": 0.8333333134651184, "rec0": 0.999005138874054, "rec1": 0.11784511804580688, "auroc": 0.9673798818199046, "auprc": 0.5829747834745785, "minpse": 0.5757575757575758, "brier": 0.0250709030556225}