{"acc": 0.7841265797615051, "prec0": 0.7497876882553101, "prec1": 0.8160526156425476, "rec0": 0.791218638420105, "rec1": 0.7781681418418884, "auroc": 0.8690525926825358, "auprc": 0.8941602423477918, "minpse": 0.7993478806119889, "brier": 0.1486721458326437}