{"acc": 0.950088620185852, "prec0": 0.9512873888015747, "prec1": 0.8918918967247009, "rec0": 0.9976645708084106, "rec1": 0.2738589346408844, "auroc": 0.9571819481785074, "auprc": 0.6761881314222746, "minpse": 0.6348547717842323, "brier": 0.03550237341064888}