{"acc": 0.9079503417015076, "prec0": 0.9082969427108765, "prec1": 0.4000000059604645, "rec0": 0.9995495080947876, "rec1": 0.002967359032481909, "auroc": 0.7697565107885939, "auprc": 0.2955637665831921, "minpse": 0.31952662721893493, "brier": 0.07768177856594036}