{"acc": 0.9492704272270203, "prec0": 0.9544115662574768, "prec1": 0.7696078419685364, "rec0": 0.9931396842002869, "rec1": 0.32572615146636963, "auroc": 0.945446980208844, "auprc": 0.6364285454015836, "minpse": 0.5942028985507246, "brier": 0.03658662439919388}