{"acc": 0.9848629236221313, "prec0": 0.9853984713554382, "prec1": 0.20000000298023224, "rec0": 0.9994463920593262, "rec1": 0.009259259328246117, "auroc": 0.9881404587978984, "auprc": 0.4787994845734443, "minpse": 0.46846846846846846, "brier": 0.010298679351039931}