{"acc": 0.8388108611106873, "prec0": 0.8481557965278625, "prec1": 0.803396463394165, "rec0": 0.9423592686653137, "rec1": 0.5826622247695923, "auroc": 0.9000275045216455, "auprc": 0.8015894889275806, "minpse": 0.7239583333333334, "brier": 0.11357539103425435}