{"acc": 0.9543160796165466, "prec0": 0.9547005295753479, "prec1": 0.25, "rec0": 0.9995714426040649, "rec1": 0.0030030030757188797, "auroc": 0.852896181896182, "auprc": 0.31360878127344016, "minpse": 0.36936936936936937, "brier": 0.03965553549742749}