{"acc": 0.884767472743988, "prec0": 0.8937103152275085, "prec1": 0.8025034666061401, "rec0": 0.9765405654907227, "rec1": 0.4507812559604645, "auroc": 0.9135984351767719, "auprc": 0.7277573239527448, "minpse": 0.6640625, "brier": 0.08299694761232827}