{"acc": 0.949952244758606, "prec0": 0.9505471587181091, "prec1": 0.9122806787490845, "rec0": 0.9985448122024536, "rec1": 0.22559653222560883, "auroc": 0.9547170573663066, "auprc": 0.6611624977809105, "minpse": 0.6190476190476191, "brier": 0.03576824327275317}