{"acc": 0.9164053201675415, "prec0": 0.9165188670158386, "prec1": 0.5, "rec0": 0.9998511672019958, "rec1": 0.0016313213855028152, "auroc": 0.7863493358191562, "auprc": 0.29818686939171923, "minpse": 0.3360522022838499, "brier": 0.07052871330623862}