{"acc": 0.9721805453300476, "prec0": 0.9727509021759033, "prec1": 0.8333333134651184, "rec0": 0.9992966651916504, "rec1": 0.1116071417927742, "auroc": 0.9701679711834094, "auprc": 0.5605930341043157, "minpse": 0.5688888888888889, "brier": 0.019073933368058366}