{"acc": 0.9360425472259521, "prec0": 0.9394918084144592, "prec1": 0.8190476298332214, "rec0": 0.9943536520004272, "rec1": 0.2852404713630676, "auroc": 0.9507511969621925, "auprc": 0.6713491711957873, "minpse": 0.6202321724709784, "brier": 0.04367637415139243}