{"acc": 0.9924996495246887, "prec0": 0.9930394291877747, "prec1": 0.3333333432674408, "rec0": 0.9994505643844604, "rec1": 0.03773584961891174, "auroc": 0.9930424528301887, "auprc": 0.5899612608046654, "minpse": 0.6481481481481481, "brier": 0.005153352591447339}