{"acc": 0.9789990186691284, "prec0": 0.9805346131324768, "prec1": 0.6842105388641357, "rec0": 0.9983251690864563, "rec1": 0.1547619104385376, "auroc": 0.9766673312730536, "auprc": 0.4989146315856422, "minpse": 0.49122807017543857, "brier": 0.014510253418994989}