{"acc": 0.9634528756141663, "prec0": 0.9638009071350098, "prec1": 0.8999999761581421, "rec0": 0.9994312524795532, "rec1": 0.11999999731779099, "auroc": 0.9676584198303236, "auprc": 0.6200978970399745, "minpse": 0.5880398671096345, "brier": 0.024628976714644955}