{"acc": 0.9082230925559998, "prec0": 0.9229512810707092, "prec1": 0.7420435547828674, "rec0": 0.9758279919624329, "rec1": 0.46049895882606506, "auroc": 0.9306791004326712, "auprc": 0.686124518560469, "minpse": 0.6434511434511434, "brier": 0.06464137451984615}