{"acc": 0.9871812462806702, "prec0": 0.9885247945785522, "prec1": 0.8899999856948853, "rec0": 0.9984639286994934, "rec1": 0.5174418687820435, "auroc": 0.9888803369673587, "auprc": 0.812902508922679, "minpse": 0.7325581395348837, "brier": 0.009554531263702388}