{"acc": 0.9743624925613403, "prec0": 0.9789140224456787, "prec1": 0.5454545617103577, "rec0": 0.9950966835021973, "rec1": 0.2153846174478531, "auroc": 0.9486180859394645, "auprc": 0.411278009010204, "minpse": 0.4387755102040816, "brier": 0.05405626059953559}