{"acc": 0.8227192163467407, "prec0": 0.8415350914001465, "prec1": 0.7684154510498047, "rec0": 0.9129481911659241, "rec1": 0.6268914937973022, "auroc": 0.88185485468416, "auprc": 0.7997513067153466, "minpse": 0.7152117545375972, "brier": 0.12408562209539524}