{"acc": 0.9354970455169678, "prec0": 0.9449594616889954, "prec1": 0.7832167744636536, "rec0": 0.9859452843666077, "rec1": 0.46927374601364136, "auroc": 0.9307824437309351, "auprc": 0.6969342447467627, "minpse": 0.6248256624825662, "brier": 0.049147712713083394}