{"acc": 0.9863629937171936, "prec0": 0.9868906140327454, "prec1": 0.6000000238418579, "rec0": 0.9994468092918396, "rec1": 0.05882352963089943, "auroc": 0.9694588387145759, "auprc": 0.37372260876547436, "minpse": 0.4215686274509804, "brier": 0.04693623225335069}