{"acc": 0.8917223215103149, "prec0": 0.8923097848892212, "prec1": 0.7200000286102295, "rec0": 0.9989277124404907, "rec1": 0.022360248491168022, "auroc": 0.7273421325051761, "auprc": 0.28009020329211787, "minpse": 0.30559006211180123, "brier": 0.08964721691717394}