{"acc": 0.9941360950469971, "prec0": 0.9944964051246643, "prec1": 0.9538461565971375, "rec0": 0.9995850920677185, "rec1": 0.6078431606292725, "auroc": 0.9963406466168269, "auprc": 0.8888421147919695, "minpse": 0.8235294117647058, "brier": 0.004624958407680615}