{"acc": 0.9143597483634949, "prec0": 0.9435639381408691, "prec1": 0.5756013989448547, "rec0": 0.9626718759536743, "rec1": 0.4678770899772644, "auroc": 0.9007681247641298, "auprc": 0.5702583857677624, "minpse": 0.5368567454798331, "brier": 0.08574182017701873}