{"acc": 0.9547252058982849, "prec0": 0.9672501683235168, "prec1": 0.5983935594558716, "rec0": 0.9856156706809998, "rec1": 0.39107611775398254, "auroc": 0.9152199257601431, "auprc": 0.4955985859350327, "minpse": 0.4934725848563969, "brier": 0.06662253528589429}