{"acc": 0.9791353940963745, "prec0": 0.9812148809432983, "prec1": 0.6000000238418579, "rec0": 0.9977691173553467, "rec1": 0.14906832575798035, "auroc": 0.9559718089325985, "auprc": 0.39215302687355896, "minpse": 0.42857142857142855, "brier": 0.05166411913667992}