{"acc": 0.9042683839797974, "prec0": 0.9369193911552429, "prec1": 0.5735963582992554, "rec0": 0.9569941759109497, "rec1": 0.47309136390686035, "auroc": 0.8969999229983302, "auprc": 0.5751743829246797, "minpse": 0.5394242803504381, "brier": 0.09046447829262816}