{"acc": 0.7908086776733398, "prec0": 0.7989015579223633, "prec1": 0.7760677337646484, "rec0": 0.8666360974311829, "rec1": 0.6793532967567444, "auroc": 0.866589651266571, "auprc": 0.8268194516054334, "minpse": 0.7457056247894914, "brier": 0.14432563037522192}