{"acc": 0.9549979567527771, "prec0": 0.9551851153373718, "prec1": 0.8571428656578064, "rec0": 0.9997140169143677, "rec1": 0.03529411926865578, "auroc": 0.8234688469982588, "auprc": 0.2597871182173573, "minpse": 0.32653061224489793, "brier": 0.03907350267842339}