{"acc": 0.9050865769386292, "prec0": 0.920417308807373, "prec1": 0.7399678826332092, "rec0": 0.9744398593902588, "rec1": 0.46331658959388733, "auroc": 0.9120959800580687, "auprc": 0.6859797551286907, "minpse": 0.6261306532663317, "brier": 0.06919550603189628}