{"acc": 0.9338606595993042, "prec0": 0.9544931054115295, "prec1": 0.5655527114868164, "rec0": 0.9751361012458801, "rec1": 0.41044774651527405, "auroc": 0.9058251665023418, "auprc": 0.5253646338105292, "minpse": 0.5, "brier": 0.07626176762477763}