{"acc": 0.8187645077705383, "prec0": 0.8660828471183777, "prec1": 0.6787257194519043, "rec0": 0.8886184692382812, "rec1": 0.6313410401344299, "auroc": 0.866245728391013, "auprc": 0.7329177974112547, "minpse": 0.6616465863453815, "brier": 0.13296672952273147}