{"acc": 0.9534978866577148, "prec0": 0.9537516832351685, "prec1": 0.3333333432674408, "rec0": 0.9997140169143677, "rec1": 0.0029411765281111, "auroc": 0.7400518165224048, "auprc": 0.13421216937399974, "minpse": 0.19710144927536233, "brier": 0.07296615146437165}