{"acc": 0.9873176217079163, "prec0": 0.9877082705497742, "prec1": 0.7272727489471436, "rec0": 0.9995853304862976, "rec1": 0.08163265138864517, "auroc": 0.9676459388178216, "auprc": 0.3796866257317388, "minpse": 0.40404040404040403, "brier": 0.04660964599741053}