{"acc": 0.9196781516075134, "prec0": 0.920120358467102, "prec1": 0.7727272510528564, "rec0": 0.9992572665214539, "rec1": 0.02828618884086609, "auroc": 0.7576234598109904, "auprc": 0.25500295827329655, "minpse": 0.2913907284768212, "brier": 0.06860600365031463}