{"acc": 0.9185872077941895, "prec0": 0.9453079104423523, "prec1": 0.5633528232574463, "rec0": 0.9664218425750732, "rec1": 0.4365558922290802, "auroc": 0.8999613242329043, "auprc": 0.5470409963108913, "minpse": 0.5120845921450151, "brier": 0.08370192548787699}