{"acc": 0.9900450110435486, "prec0": 0.9906012415885925, "prec1": 0.9489796161651611, "rec0": 0.999302864074707, "rec1": 0.5776397585868835, "auroc": 0.9894707852830018, "auprc": 0.8289112939964948, "minpse": 0.7329192546583851, "brier": 0.008437868546285626}