{"acc": 0.8621301054954529, "prec0": 0.9070367813110352, "prec1": 0.6174142360687256, "rec0": 0.9281585216522217, "rec1": 0.5492957830429077, "auroc": 0.8744444832126994, "auprc": 0.6383259229645114, "minpse": 0.5978090766823161, "brier": 0.11304007531115373}