{"acc": 0.8869494199752808, "prec0": 0.9250115752220154, "prec1": 0.5974178314208984, "rec0": 0.9458819627761841, "rec1": 0.5115578174591064, "auroc": 0.8867263106317324, "auprc": 0.6043391975656719, "minpse": 0.559679037111334, "brier": 0.10004752200961672}