{"acc": 0.7699440717697144, "prec0": 0.7865553498268127, "prec1": 0.7407963871955872, "rec0": 0.8418881893157959, "rec1": 0.6641966700553894, "auroc": 0.8417962545447473, "auprc": 0.7988894043649825, "minpse": 0.7103401818794207, "brier": 0.15834596797664782}