{"acc": 0.9997272491455078, "prec0": 0.9997258186340332, "prec1": 1.0, "rec0": 1.0, "rec1": 0.9512194991111755, "auroc": 1.0, "auprc": 1.0, "minpse": 1.0, "brier": 0.0006107771851994678}