{"acc": 0.9569071531295776, "prec0": 0.9677419066429138, "prec1": 0.5763546824455261, "rec0": 0.9876896739006042, "rec1": 0.33717578649520874, "auroc": 0.9152570270223445, "auprc": 0.4772381242717622, "minpse": 0.49283667621776506, "brier": 0.06476333417803526}