{"acc": 0.9413609504699707, "prec0": 0.941609799861908, "prec1": 0.3333333432674408, "rec0": 0.9997103214263916, "rec1": 0.0023310023825615644, "auroc": 0.7186162138363761, "auprc": 0.14022876726199318, "minpse": 0.19406392694063926, "brier": 0.08176952568342265}