{"acc": 0.9427246451377869, "prec0": 0.9427751898765564, "prec1": 0.9090909361839294, "rec0": 0.9998551607131958, "rec1": 0.023310022428631783, "auroc": 0.7926157465554917, "auprc": 0.25638132367227234, "minpse": 0.29603729603729606, "brier": 0.049341013841086794}