{"acc": 0.8296740651130676, "prec0": 0.8513513803482056, "prec1": 0.758338212966919, "rec0": 0.920592188835144, "rec1": 0.6078799366950989, "auroc": 0.8838759720403025, "auprc": 0.78305035501248, "minpse": 0.700750469043152, "brier": 0.11970942484955055}