{"acc": 0.9382244944572449, "prec0": 0.9433106780052185, "prec1": 0.8086642622947693, "rec0": 0.992100179195404, "rec1": 0.3589743673801422, "auroc": 0.9517331770182419, "auprc": 0.6825338120274288, "minpse": 0.6410256410256411, "brier": 0.04345834489205435}