{"acc": 0.9904541373252869, "prec0": 0.9908570051193237, "prec1": 0.4000000059604645, "rec0": 0.9995869994163513, "rec1": 0.028985507786273956, "auroc": 0.9904592032177744, "auprc": 0.5879492083943318, "minpse": 0.6376811594202898, "brier": 0.006402556839429287}