{"acc": 0.9770898818969727, "prec0": 0.9775986671447754, "prec1": 0.6666666865348816, "rec0": 0.9994414448738098, "rec1": 0.04651162773370743, "auroc": 0.9818534178999296, "auprc": 0.5721908181737467, "minpse": 0.5804597701149425, "brier": 0.014693875606811095}