{"acc": 0.9479067325592041, "prec0": 0.9497570991516113, "prec1": 0.84375, "rec0": 0.9970858097076416, "rec1": 0.22978723049163818, "auroc": 0.9544487709301497, "auprc": 0.6255789200863882, "minpse": 0.5925925925925926, "brier": 0.036718610892177386}