{"acc": 0.9365880489349365, "prec0": 0.9422096610069275, "prec1": 0.791208803653717, "rec0": 0.9915039539337158, "rec1": 0.3461538553237915, "auroc": 0.9490515276073853, "auprc": 0.6644218700157902, "minpse": 0.6330128205128205, "brier": 0.04478463100696769}