{"acc": 0.9082230925559998, "prec0": 0.9085947871208191, "prec1": 0.0, "rec0": 0.9995497465133667, "rec1": 0.0, "auroc": 0.7781806859444337, "auprc": 0.30143360977305433, "minpse": 0.3373134328358209, "brier": 0.07748323668588414}