{"acc": 0.9620891809463501, "prec0": 0.9627243876457214, "prec1": 0.8333333134651184, "rec0": 0.9991466403007507, "rec1": 0.09933774918317795, "auroc": 0.9712008597686123, "auprc": 0.6136602275018908, "minpse": 0.6192052980132451, "brier": 0.024910038170410664}