{"acc": 0.9911359548568726, "prec0": 0.9927446842193604, "prec1": 0.5714285969734192, "rec0": 0.9983479976654053, "rec1": 0.23188406229019165, "auroc": 0.9882425940113644, "auprc": 0.4372700339404686, "minpse": 0.4444444444444444, "brier": 0.006485217458515289}