{"acc": 0.9344061017036438, "prec0": 0.9354026913642883, "prec1": 0.8950276374816895, "rec0": 0.9971680045127869, "rec1": 0.25961539149284363, "auroc": 0.9472112900390215, "auprc": 0.682320261279294, "minpse": 0.6309904153354633, "brier": 0.04566765747413295}