{"acc": 0.9766807556152344, "prec0": 0.9769377708435059, "prec1": 0.6000000238418579, "rec0": 0.9997206926345825, "rec1": 0.01744186133146286, "auroc": 0.9711526907700951, "auprc": 0.5737050536657363, "minpse": 0.5721925133689839, "brier": 0.014880040150465314}