{"acc": 0.9638620018959045, "prec0": 0.9644426107406616, "prec1": 0.8775510191917419, "rec0": 0.9991466403007507, "rec1": 0.1423841118812561, "auroc": 0.9695953869382612, "auprc": 0.622746217373798, "minpse": 0.5969696969696969, "brier": 0.024237844262220726}