{"acc": 0.9644074440002441, "prec0": 0.9651002883911133, "prec1": 0.8727272748947144, "rec0": 0.9990044236183167, "rec1": 0.1589404046535492, "auroc": 0.9733385075177947, "auprc": 0.6333198422014058, "minpse": 0.636963696369637, "brier": 0.023610410504114793}