{"acc": 0.9495431780815125, "prec0": 0.9507150053977966, "prec1": 0.8846153616905212, "rec0": 0.9978143572807312, "rec1": 0.24468085169792175, "auroc": 0.9517920641367058, "auprc": 0.6492492157395053, "minpse": 0.6302521008403361, "brier": 0.036008576978950844}