{"acc": 0.9908632040023804, "prec0": 0.9912627935409546, "prec1": 0.625, "rec0": 0.9995869994163513, "rec1": 0.07246376574039459, "auroc": 0.9946230766775204, "auprc": 0.5933668135227718, "minpse": 0.6428571428571429, "brier": 0.006121070991380884}