{"acc": 0.9083594679832458, "prec0": 0.9088303446769714, "prec1": 0.3333333432674408, "rec0": 0.9993996620178223, "rec1": 0.0029850746504962444, "auroc": 0.7616383413862698, "auprc": 0.28472435055079526, "minpse": 0.32047477744807124, "brier": 0.07778754363204243}