{"acc": 0.9694531559944153, "prec0": 0.9710045456886292, "prec1": 0.7678571343421936, "rec0": 0.9981635808944702, "rec1": 0.16929133236408234, "auroc": 0.9737162039658166, "auprc": 0.6106658799060486, "minpse": 0.592156862745098, "brier": 0.01988439846648504}