{"acc": 0.9672712683677673, "prec0": 0.9677198529243469, "prec1": 0.8181818127632141, "rec0": 0.9994349479675293, "rec1": 0.07086614519357681, "auroc": 0.9752534111651074, "auprc": 0.6016840450805379, "minpse": 0.5984251968503937, "brier": 0.02156721602771208}