{"acc": 0.9684985876083374, "prec0": 0.9689126014709473, "prec1": 0.8709677457809448, "rec0": 0.9994349479675293, "rec1": 0.10629921406507492, "auroc": 0.9748315690302803, "auprc": 0.6469177142160719, "minpse": 0.6338582677165354, "brier": 0.02101638638065353}