{"acc": 0.9114530086517334, "prec0": 0.9234712719917297, "prec1": 0.7422680258750916, "rec0": 0.9805598855018616, "rec1": 0.40793201327323914, "auroc": 0.9093470651469959, "auprc": 0.6624722582827967, "minpse": 0.6019830028328612}