{"acc": 0.9723169207572937, "prec0": 0.9734174013137817, "prec1": 0.7428571581840515, "rec0": 0.998734712600708, "rec1": 0.11818181723356247, "auroc": 0.9797656020346868, "auprc": 0.5852351409131137, "minpse": 0.5787234042553191, "brier": 0.01821399363896861}