{"acc": 0.9731351137161255, "prec0": 0.9742183089256287, "prec1": 0.7804877758026123, "rec0": 0.998734712600708, "rec1": 0.145454540848732, "auroc": 0.9762803062254771, "auprc": 0.5988505305024598, "minpse": 0.6206896551724138, "brier": 0.017914656204981744}