{"acc": 0.8328105807304382, "prec0": 0.8551723957061768, "prec1": 0.7574493288993835, "rec0": 0.9223726987838745, "rec1": 0.6081339716911316, "auroc": 0.8843247820972506, "auprc": 0.7784285878396165, "minpse": 0.6982305117168819, "brier": 0.1183392856487609}