{"acc": 0.9885449409484863, "prec0": 0.9896280169487, "prec1": 0.9117646813392639, "rec0": 0.9987438917160034, "rec1": 0.5535714030265808, "auroc": 0.9882422822583325, "auprc": 0.801533411983077, "minpse": 0.7041420118343196, "brier": 0.009602418741872643}