{"acc": 0.9701350331306458, "prec0": 0.9756535887718201, "prec1": 0.5865384340286255, "rec0": 0.9939402341842651, "rec1": 0.25738397240638733, "auroc": 0.9337197161055852, "auprc": 0.43007470480146404, "minpse": 0.45147679324894513, "brier": 0.05728805549221103}