{"acc": 0.9421792030334473, "prec0": 0.9506084322929382, "prec1": 0.772988498210907, "rec0": 0.9882422685623169, "rec1": 0.43811073899269104, "auroc": 0.935928207867911, "auprc": 0.6798008235475163, "minpse": 0.6221498371335505, "brier": 0.04359567376497545}