{"acc": 0.8902223110198975, "prec0": 0.8910335302352905, "prec1": 0.6785714030265808, "rec0": 0.9986191987991333, "rec1": 0.023312883451581, "auroc": 0.7272873420843082, "auprc": 0.28204069013594013, "minpse": 0.29799764428739695, "brier": 0.09056940537299064}