{"acc": 0.8243556618690491, "prec0": 0.8432304263114929, "prec1": 0.7688171863555908, "rec0": 0.9147670865058899, "rec1": 0.625, "auroc": 0.8849294288466737, "auprc": 0.7987225044293204, "minpse": 0.7175905718027062, "brier": 0.12263065378665673}