{"acc": 0.9641347527503967, "prec0": 0.9691982865333557, "prec1": 0.8026905655860901, "rec0": 0.9936553835868835, "rec1": 0.4497487545013428, "auroc": 0.9539333292272465, "auprc": 0.6969915426032193, "minpse": 0.6274038461538461, "brier": 0.02746053757306988}