{"acc": 0.9284058213233948, "prec0": 0.9289423227310181, "prec1": 0.6666666865348816, "rec0": 0.9992650151252747, "rec1": 0.01886792480945587, "auroc": 0.765232874508749, "auprc": 0.2542988897561329, "minpse": 0.2945590994371482, "brier": 0.060821376165806615}