{"acc": 0.9818627834320068, "prec0": 0.9842837452888489, "prec1": 0.8601398468017578, "rec0": 0.9971818923950195, "rec1": 0.5211864113807678, "auroc": 0.9774260071694176, "auprc": 0.7581327869742265, "minpse": 0.6652542372881356, "brier": 0.014562256305596726}