{"acc": 0.9862266182899475, "prec0": 0.987553596496582, "prec1": 0.8921568393707275, "rec0": 0.9984619617462158, "rec1": 0.5027624368667603, "auroc": 0.9857969644159343, "auprc": 0.7939781240007268, "minpse": 0.6961325966850829, "brier": 0.010413034986032995}