{"acc": 0.9960452914237976, "prec0": 0.9961522817611694, "prec1": 0.9821428656578064, "rec0": 0.9998620748519897, "rec1": 0.6626505851745605, "auroc": 0.9983930203572913, "auprc": 0.9540775052420011, "minpse": 0.8941176470588236, "brier": 0.0029501945726900015}