{"acc": 0.9556797742843628, "prec0": 0.961799681186676, "prec1": 0.7924528121948242, "rec0": 0.9919742941856384, "rec1": 0.4375, "auroc": 0.9437329758256725, "auprc": 0.679337034812997, "minpse": 0.6291666666666667, "brier": 0.03414154263522772}