{"acc": 0.9637256264686584, "prec0": 0.9657978415489197, "prec1": 0.7804877758026123, "rec0": 0.9974362850189209, "rec1": 0.20512820780277252, "auroc": 0.9737066273706352, "auprc": 0.6275401355808895, "minpse": 0.6293929712460063, "brier": 0.02375964442048898}