{"acc": 0.9706804752349854, "prec0": 0.971240758895874, "prec1": 0.8387096524238586, "rec0": 0.9992954730987549, "rec1": 0.11016949266195297, "auroc": 0.9765232623954261, "auprc": 0.6266015273436987, "minpse": 0.6198347107438017, "brier": 0.018692241490438955}