{"acc": 0.9888176918029785, "prec0": 0.9892165064811707, "prec1": 0.5714285969734192, "rec0": 0.9995862245559692, "rec1": 0.048192769289016724, "auroc": 0.9911765683423348, "auprc": 0.5786515763804375, "minpse": 0.5697674418604651, "brier": 0.007463706033928671}