{"acc": 0.948861300945282, "prec0": 0.9519955515861511, "prec1": 0.8143712282180786, "rec0": 0.9954764246940613, "rec1": 0.28333333134651184, "auroc": 0.9592611508341845, "auprc": 0.6635365785514438, "minpse": 0.6273291925465838, "brier": 0.03526770110780618}