{"acc": 0.9563616514205933, "prec0": 0.9579122066497803, "prec1": 0.8545454740524292, "rec0": 0.997692883014679, "rec1": 0.23618090152740479, "auroc": 0.9594185781104513, "auprc": 0.639645817427152, "minpse": 0.6005025125628141, "brier": 0.03089233621301604}