{"acc": 0.9273148775100708, "prec0": 0.9276943802833557, "prec1": 0.0, "rec0": 0.9995590448379517, "rec1": 0.0, "auroc": 0.796327092098658, "auprc": 0.2973602845180895, "minpse": 0.3339622641509434, "brier": 0.06210674634427598}