{"acc": 0.882449209690094, "prec0": 0.8901960849761963, "prec1": 0.8093883395195007, "rec0": 0.9777998924255371, "rec1": 0.4387046992778778, "auroc": 0.9156040370473126, "auprc": 0.7268040477189271, "minpse": 0.6773946360153257, "brier": 0.08313471301229462}