{"acc": 0.997681736946106, "prec0": 0.9980897903442383, "prec1": 0.25, "rec0": 0.9995900392532349, "rec1": 0.06666667014360428, "auroc": 0.9987428259087181, "auprc": 0.49385658140391114, "minpse": 0.6, "brier": 0.0016684670060439105}