{"acc": 0.8228555917739868, "prec0": 0.8250607252120972, "prec1": 0.8147676587104797, "rec0": 0.9423191547393799, "rec1": 0.559440553188324, "auroc": 0.8888004463326565, "auprc": 0.8028381222548506, "minpse": 0.7180944055944056, "brier": 0.12276164889411087}