{"acc": 0.8888585567474365, "prec0": 0.8891770243644714, "prec1": 0.5, "rec0": 0.9995397329330444, "rec1": 0.003680981695652008, "auroc": 0.7818923340179249, "auprc": 0.3842930718505291, "minpse": 0.3987730061349693, "brier": 0.08986675679934608}