{"acc": 0.9128596782684326, "prec0": 0.9160798788070679, "prec1": 0.8529411554336548, "rec0": 0.991446316242218, "rec1": 0.3532668948173523, "auroc": 0.9433337811235746, "auprc": 0.7317924231817964, "minpse": 0.6784530386740332, "brier": 0.05944816192473551}