{"acc": 0.9757261872291565, "prec0": 0.9762359857559204, "prec1": 0.6363636255264282, "rec0": 0.9994407296180725, "rec1": 0.03867403417825699, "auroc": 0.9831179625990334, "auprc": 0.6379959731708674, "minpse": 0.6054054054054054, "brier": 0.015441333416979957}