{"acc": 0.9665893912315369, "prec0": 0.9675957560539246, "prec1": 0.8199999928474426, "rec0": 0.9987244606018066, "rec1": 0.14801444113254547, "auroc": 0.9722288734988581, "auprc": 0.6182721447409136, "minpse": 0.6129032258064516, "brier": 0.022541807504371007}