{"acc": 0.8832674026489258, "prec0": 0.8951453566551208, "prec1": 0.7808399200439453, "rec0": 0.9723921418190002, "rec1": 0.4633956253528595, "auroc": 0.9138499759750202, "auprc": 0.7192024475805276, "minpse": 0.6651162790697674, "brier": 0.08310149723318506}