{"acc": 0.9946815967559814, "prec0": 0.9952205419540405, "prec1": 0.6000000238418579, "rec0": 0.9994514584541321, "rec1": 0.1463414579629898, "auroc": 0.980713913008576, "auprc": 0.5571339801288385, "minpse": 0.5909090909090909, "brier": 0.0037760017594490724}