{"acc": 0.9794081449508667, "prec0": 0.9799344539642334, "prec1": 0.4285714328289032, "rec0": 0.9994431138038635, "rec1": 0.019999999552965164, "auroc": 0.9773794607638405, "auprc": 0.5520114046298092, "minpse": 0.54, "brier": 0.01402970885887798}