{"acc": 0.9105414152145386, "prec0": 0.9209364056587219, "prec1": 0.780036985874176, "rec0": 0.981330394744873, "rec1": 0.440041720867157, "auroc": 0.9335372650820444, "auprc": 0.6982261766814533, "minpse": 0.6579770594369134, "brier": 0.06404818334461894}