{"acc": 0.9503613710403442, "prec0": 0.9517822861671448, "prec1": 0.8421052694320679, "rec0": 0.9978273510932922, "rec1": 0.18648017942905426, "auroc": 0.9540292172099819, "auprc": 0.6130383706772096, "minpse": 0.5893271461716937, "brier": 0.034874406543428015}