{"acc": 0.9269057512283325, "prec0": 0.9297251105308533, "prec1": 0.8545454740524292, "rec0": 0.9939412474632263, "rec1": 0.3214774429798126, "auroc": 0.9453165956011339, "auprc": 0.6980439871900007, "minpse": 0.6379781420765027, "brier": 0.05120664640039016}