{"acc": 0.83362877368927, "prec0": 0.8508725762367249, "prec1": 0.774698793888092, "rec0": 0.9280907511711121, "rec1": 0.6031894683837891, "auroc": 0.894567288077448, "auprc": 0.7955621736609642, "minpse": 0.7162288930581614, "brier": 0.11553783596853763}