{"acc": 0.9378153681755066, "prec0": 0.9405912756919861, "prec1": 0.8367347121238708, "rec0": 0.9952557682991028, "rec1": 0.2789115607738495, "auroc": 0.9520601049908475, "auprc": 0.6532595799251163, "minpse": 0.6105442176870748, "brier": 0.04394201328619033}