{"acc": 0.9864993691444397, "prec0": 0.9870271682739258, "prec1": 0.6000000238418579, "rec0": 0.9994469285011292, "rec1": 0.059405941516160965, "auroc": 0.9702847082274599, "auprc": 0.3732783075207601, "minpse": 0.3942307692307692, "brier": 0.04688067165126897}