{"acc": 0.8075821399688721, "prec0": 0.8512380719184875, "prec1": 0.6975516080856323, "rec0": 0.8764463663101196, "rec1": 0.650402843952179, "auroc": 0.8595667028291923, "auprc": 0.7575445018788513, "minpse": 0.680089485458613, "brier": 0.13924571663092836}