{"acc": 0.9153143167495728, "prec0": 0.9161537289619446, "prec1": 0.6363636255264282, "rec0": 0.9988070130348206, "rec1": 0.02232854813337326, "auroc": 0.7491608124505609, "auprc": 0.25595937289330256, "minpse": 0.2968253968253968, "brier": 0.0714848921660538}