{"acc": 0.9743624925613403, "prec0": 0.9788965582847595, "prec1": 0.5783132314682007, "rec0": 0.995092511177063, "rec1": 0.23880596458911896, "auroc": 0.94854387624413, "auprc": 0.42067722628526383, "minpse": 0.4577114427860697, "brier": 0.05443327578748672}