{"acc": 0.9391790628433228, "prec0": 0.9577121734619141, "prec1": 0.5770308375358582, "rec0": 0.977898120880127, "rec1": 0.4111776351928711, "auroc": 0.906425147363353, "auprc": 0.5172982714665474, "minpse": 0.4930966469428008, "brier": 0.07424421491123508}