{"acc": 0.9188599586486816, "prec0": 0.9456840753555298, "prec1": 0.5681381821632385, "rec0": 0.9662516713142395, "rec1": 0.4444444477558136, "auroc": 0.9002867424196357, "auprc": 0.5587166452014628, "minpse": 0.5195195195195195, "brier": 0.08330399586682466}