{"acc": 0.8840856552124023, "prec0": 0.901404082775116, "prec1": 0.7523474097251892, "rec0": 0.965141236782074, "rec1": 0.500781238079071, "auroc": 0.9037100662894432, "auprc": 0.7187314347537302, "minpse": 0.639344262295082, "brier": 0.08389883605389051}