{"acc": 0.8614482283592224, "prec0": 0.9077221751213074, "prec1": 0.6141868233680725, "rec0": 0.9263175129890442, "rec1": 0.5546875, "auroc": 0.8769232457046093, "auprc": 0.6474024772096693, "minpse": 0.5962732919254659, "brier": 0.11220798441858278}