{"acc": 0.9969998598098755, "prec0": 0.9969998598098755, "prec1": NaN, "rec0": 1.0, "rec1": 0.0, "auroc": 0.9932542495119434, "auprc": 0.37707125179691064, "minpse": 0.36363636363636365, "brier": 0.039891202760826056}