{"acc": 0.9704077243804932, "prec0": 0.9746498465538025, "prec1": 0.8134714961051941, "rec0": 0.9948534965515137, "rec1": 0.46449702978134155, "auroc": 0.9604768410233853, "auprc": 0.7069717431457508, "minpse": 0.6331360946745562, "brier": 0.02294818917486953}