{"acc": 0.9146324992179871, "prec0": 0.9148471355438232, "prec1": 0.6000000238418579, "rec0": 0.999701738357544, "rec1": 0.0047846888191998005, "auroc": 0.6710120813516044, "auprc": 0.1691680691863512, "minpse": 0.22002820874471085, "brier": 0.1005350609031979}