{"acc": 0.894313395023346, "prec0": 0.9310924410820007, "prec1": 0.5888324975967407, "rec0": 0.949517011642456, "rec1": 0.5071038007736206, "auroc": 0.8937666773946908, "auprc": 0.6034045626461253, "minpse": 0.5584415584415584, "brier": 0.09545788013398374}