{"acc": 0.9578617215156555, "prec0": 0.9689955115318298, "prec1": 0.5707316994667053, "rec0": 0.987419605255127, "rec1": 0.3461538553237915, "auroc": 0.9226188613168324, "auprc": 0.470242046757276, "minpse": 0.49008498583569404, "brier": 0.06400485808749454}