{"acc": 0.9166780114173889, "prec0": 0.9297025203704834, "prec1": 0.7638888955116272, "rec0": 0.9788095951080322, "rec1": 0.48087432980537415, "auroc": 0.9222245494655571, "auprc": 0.703002946296946, "minpse": 0.6251366120218579, "brier": 0.06192066780543146}