{"acc": 0.953770637512207, "prec0": 0.9603005647659302, "prec1": 0.7892857193946838, "rec0": 0.9913641810417175, "rec1": 0.4411177635192871, "auroc": 0.9424280829441818, "auprc": 0.684090148004081, "minpse": 0.6447105788423154, "brier": 0.035300814702352835}