{"acc": 0.8351288437843323, "prec0": 0.8558416366577148, "prec1": 0.7623152732849121, "rec0": 0.92678302526474, "rec1": 0.6006792783737183, "auroc": 0.8841431741593093, "auprc": 0.7754450751590223, "minpse": 0.6943231441048034, "brier": 0.11776751548207842}