{"acc": 0.8939042687416077, "prec0": 0.8944277763366699, "prec1": 0.5454545617103577, "rec0": 0.9992371201515198, "rec1": 0.00770218251273036, "auroc": 0.6534145283794197, "auprc": 0.2007812268595477, "minpse": 0.2371007371007371, "brier": 0.11399104530064937}