{"acc": 0.9599072933197021, "prec0": 0.9702914953231812, "prec1": 0.5837563276290894, "rec0": 0.9882957339286804, "rec1": 0.3516819477081299, "auroc": 0.9198122884622268, "auprc": 0.4753932235687816, "minpse": 0.48936170212765956, "brier": 0.06317657001446515}