{"acc": 0.8949952125549316, "prec0": 0.8956224322319031, "prec1": 0.695652186870575, "rec0": 0.9989319443702698, "rec1": 0.02053915336728096, "auroc": 0.7315563054125634, "auprc": 0.28260543233763424, "minpse": 0.31065468549422337, "brier": 0.08671449835297271}