{"acc": 0.8614482283592224, "prec0": 0.906073808670044, "prec1": 0.6154529452323914, "rec0": 0.928512454032898, "rec1": 0.5431034564971924, "auroc": 0.8738957438296476, "auprc": 0.6391620671215293, "minpse": 0.5959438377535101, "brier": 0.11297981970475961}