{"acc": 0.9765443801879883, "prec0": 0.9800440669059753, "prec1": 0.5970149040222168, "rec0": 0.996222734451294, "rec1": 0.21621622145175934, "auroc": 0.9438542627686444, "auprc": 0.408383301345079, "minpse": 0.4381443298969072, "brier": 0.05339936825490059}