{"acc": 0.9915450811386108, "prec0": 0.9916780591011047, "prec1": 0.6666666865348816, "rec0": 0.9998624324798584, "rec1": 0.0317460335791111, "auroc": 0.9769437348529508, "auprc": 0.3528384094487227, "minpse": 0.3968253968253968, "brier": 0.0436068772912283}