{"acc": 0.8892676830291748, "prec0": 0.9265589118003845, "prec1": 0.6002386808395386, "rec0": 0.9472690224647522, "rec1": 0.5132653117179871, "auroc": 0.8871693270413786, "auprc": 0.6016989604275051, "minpse": 0.5584944048830112, "brier": 0.09940093379997249}