{"acc": 0.8119459748268127, "prec0": 0.8578782677650452, "prec1": 0.6800422668457031, "rec0": 0.8850530982017517, "rec1": 0.6249393224716187, "auroc": 0.8600901819247402, "auprc": 0.7326920844951774, "minpse": 0.6569626394953906, "brier": 0.13688266187006531}