{"acc": 0.9543160796165466, "prec0": 0.960412859916687, "prec1": 0.7884615659713745, "rec0": 0.9919684529304504, "rec1": 0.42268040776252747, "auroc": 0.941208509972059, "auprc": 0.6826072936848182, "minpse": 0.6350515463917525, "brier": 0.03433116233435436}