{"acc": 0.9776353240013123, "prec0": 0.9813318252563477, "prec1": 0.8064516186714172, "rec0": 0.995759129524231, "rec1": 0.48262548446655273, "auroc": 0.9704508215958597, "auprc": 0.717830737342808, "minpse": 0.6525096525096525, "brier": 0.01727170497675727}