{"acc": 0.9408155083656311, "prec0": 0.9492982029914856, "prec1": 0.7720797657966614, "rec0": 0.9880739450454712, "rec1": 0.4336000084877014, "auroc": 0.9339463327370304, "auprc": 0.6798811615954238, "minpse": 0.6134185303514377, "brier": 0.04437517997708087}