{"acc": 0.9661802649497986, "prec0": 0.9737645983695984, "prec1": 0.5426356792449951, "rec0": 0.9916595816612244, "rec1": 0.2702702581882477, "auroc": 0.9333755784137464, "auprc": 0.43215434829449234, "minpse": 0.4576923076923077, "brier": 0.058856691159993535}