{"acc": 0.9059048295021057, "prec0": 0.9379567503929138, "prec1": 0.5636942386627197, "rec0": 0.9582508206367493, "rec1": 0.4597402513027191, "auroc": 0.8961816638336523, "auprc": 0.5654709650233644, "minpse": 0.5285714285714286, "brier": 0.08944084932534221}