{"acc": 0.9744988679885864, "prec0": 0.9782698154449463, "prec1": 0.5322580933570862, "rec0": 0.9959394931793213, "rec1": 0.17277486622333527, "auroc": 0.9489708398515675, "auprc": 0.4021760390310966, "minpse": 0.43523316062176165, "brier": 0.053919241900959106}