{"acc": 0.9854084253311157, "prec0": 0.9871209263801575, "prec1": 0.875, "rec0": 0.9980397820472717, "rec1": 0.5130890011787415, "auroc": 0.9862351021389582, "auprc": 0.7922032350748371, "minpse": 0.7068062827225131, "brier": 0.011025692691802511}