{"acc": 0.9740897417068481, "prec0": 0.9765936732292175, "prec1": 0.7142857313156128, "rec0": 0.9971882700920105, "rec1": 0.22727273404598236, "auroc": 0.9799074677606942, "auprc": 0.5732452601899624, "minpse": 0.5757575757575758, "brier": 0.0176330068691816}