{"acc": 0.8970407843589783, "prec0": 0.897934079170227, "prec1": 0.625, "rec0": 0.9986305832862854, "rec1": 0.019710905849933624, "auroc": 0.730172923316615, "auprc": 0.272472773642107, "minpse": 0.312987012987013, "brier": 0.08529684464021715}