{"acc": 0.9959089159965515, "prec0": 0.9961490631103516, "prec1": 0.9677419066429138, "rec0": 0.9997239708900452, "rec1": 0.6818181872367859, "auroc": 0.998109981805634, "auprc": 0.9419629790324026, "minpse": 0.8863636363636364, "brier": 0.003165441025592665}