{"acc": 0.9552707076072693, "prec0": 0.9615711569786072, "prec1": 0.7971529960632324, "rec0": 0.9916642308235168, "rec1": 0.45252525806427, "auroc": 0.9412008354974135, "auprc": 0.683370594370071, "minpse": 0.6204819277108434, "brier": 0.03493195441670572}