{"acc": 0.8963589072227478, "prec0": 0.8967776894569397, "prec1": 0.5555555820465088, "rec0": 0.9993913769721985, "rec1": 0.006570302415639162, "auroc": 0.6512011296281041, "auprc": 0.19445314609233963, "minpse": 0.22617534942820838, "brier": 0.11252536610284763}