{"acc": 0.9784535765647888, "prec0": 0.9816181659698486, "prec1": 0.8289473652839661, "rec0": 0.9963250756263733, "rec1": 0.4883720874786377, "auroc": 0.9704905908455913, "auprc": 0.731548649389809, "minpse": 0.6472868217054264, "brier": 0.016843389577789962}