{"acc": 0.9885449409484863, "prec0": 0.9888054728507996, "prec1": 0.75, "rec0": 0.9997239708900452, "rec1": 0.06818182021379471, "auroc": 0.9712623125666604, "auprc": 0.37364877697614557, "minpse": 0.42045454545454547, "brier": 0.045790239300323436}