{"acc": 0.8266739249229431, "prec0": 0.8471778631210327, "prec1": 0.75868159532547, "rec0": 0.9208952188491821, "rec1": 0.5995348691940308, "auroc": 0.8808619413197888, "auprc": 0.7805341454484515, "minpse": 0.6927010692701069, "brier": 0.12159450733689155}