{"acc": 0.8829946517944336, "prec0": 0.9017027616500854, "prec1": 0.7445589900016785, "rec0": 0.9631283283233643, "rec1": 0.505836546421051, "auroc": 0.9033161427130298, "auprc": 0.7176416977933399, "minpse": 0.6482490272373541, "brier": 0.08427667513430544}