{"acc": 0.9470884799957275, "prec0": 0.9545130729675293, "prec1": 0.784375011920929, "rec0": 0.9897974133491516, "rec1": 0.44035089015960693, "auroc": 0.9383077685341552, "auprc": 0.6858163255584643, "minpse": 0.626970227670753, "brier": 0.03999829093006154}