{"acc": 0.9998636245727539, "prec0": 0.9998629093170166, "prec1": 1.0, "rec0": 1.0, "rec1": 0.9743589758872986, "auroc": 1.0, "auprc": 1.0, "minpse": 1.0, "brier": 0.0005729411094202662}