{"acc": 0.9320878386497498, "prec0": 0.9431389570236206, "prec1": 0.7585421204566956, "rec0": 0.9839588403701782, "rec1": 0.4593103528022766, "auroc": 0.9292345746013192, "auprc": 0.6858919814666656, "minpse": 0.6206896551724138, "brier": 0.050878703243883654}