{"acc": 0.9930451512336731, "prec0": 0.9933884143829346, "prec1": 0.9589040875434875, "rec0": 0.9995841979980469, "rec1": 0.5932203531265259, "auroc": 0.9960886571056062, "auprc": 0.8942046204928916, "minpse": 0.8235294117647058, "brier": 0.005270168546533635}