{"acc": 0.8261284828186035, "prec0": 0.8461400270462036, "prec1": 0.762904167175293, "rec0": 0.9185343980789185, "rec1": 0.6108083724975586, "auroc": 0.8832740243760611, "auprc": 0.78842189839081, "minpse": 0.7079927338782924, "brier": 0.1215147892767251}