{"acc": 0.7553524971008301, "prec0": 0.7492951154708862, "prec1": 0.7637308835983276, "rec0": 0.8143513798713684, "rec1": 0.687737762928009, "auroc": 0.8372321532396898, "auprc": 0.8294258283925137, "minpse": 0.7375036539023677, "brier": 0.16389750150467644}