{"acc": 0.7841265797615051, "prec0": 0.780072033405304, "prec1": 0.7894570827484131, "rec0": 0.8296731114387512, "rec1": 0.7319285869598389, "auroc": 0.8630861046566721, "auprc": 0.8558989483655339, "minpse": 0.7688706846108836, "brier": 0.14973419097805885}