{"acc": 0.9719077944755554, "prec0": 0.9721691608428955, "prec1": 0.3333333432674408, "rec0": 0.9997194409370422, "rec1": 0.004878048785030842, "auroc": 0.7940139881196793, "auprc": 0.13383269421528177, "minpse": 0.2, "brier": 0.05918732643069212}