{"acc": 0.9980908036231995, "prec0": 0.9980782270431519, "prec1": 1.0, "rec0": 1.0, "rec1": 0.774193525314331, "auroc": 0.9991193472965959, "auprc": 0.9780159149883182, "minpse": 0.9516129032258065, "brier": 0.001687495635128403}