{"acc": 1.0, "prec0": 1.0, "prec1": 1.0, "rec0": 1.0, "rec1": 1.0, "auroc": 1.0, "auprc": 0.9999999999999998, "minpse": 1.0, "brier": 0.0002280948486935602}