{"acc": 0.9352243542671204, "prec0": 0.9549044966697693, "prec1": 0.5648648738861084, "rec0": 0.9763582944869995, "rec1": 0.39961758255958557, "auroc": 0.9013159704966546, "auprc": 0.5152409380882467, "minpse": 0.49906890130353815, "brier": 0.07591087894588298}