{"acc": 0.9652256965637207, "prec0": 0.9706666469573975, "prec1": 0.7788461446762085, "rec0": 0.9933927059173584, "rec1": 0.4366576671600342, "auroc": 0.9557025392368739, "auprc": 0.6892877202121483, "minpse": 0.6327077747989276, "brier": 0.025957601187018713}