{"acc": 0.9544524550437927, "prec0": 0.9667605757713318, "prec1": 0.5793991684913635, "rec0": 0.9859235882759094, "rec1": 0.3638814091682434, "auroc": 0.9163080906670094, "auprc": 0.4820736221148918, "minpse": 0.493368700265252, "brier": 0.06624079015242701}