{"acc": 0.9919542074203491, "prec0": 0.9919508695602417, "prec1": 1.0, "rec0": 1.0, "rec1": 0.04838709533214569, "auroc": 0.9735560179413579, "auprc": 0.348142105166038, "minpse": 0.40625, "brier": 0.04357440132679518}