{"acc": 0.9736806154251099, "prec0": 0.9736374616622925, "prec1": 1.0, "rec0": 1.0, "rec1": 0.0585365854203701, "auroc": 0.883281322712217, "auprc": 0.346095289076392, "minpse": 0.36097560975609755, "brier": 0.02242347959809694}