{"acc": 0.9922268986701965, "prec0": 0.9927027225494385, "prec1": 0.9428571462631226, "rec0": 0.9994454979896545, "rec1": 0.5546218752861023, "auroc": 0.9950516386205162, "auprc": 0.8572587893592976, "minpse": 0.7647058823529411, "brier": 0.005974292376954275}