{"acc": 0.8902223110198975, "prec0": 0.9269904494285583, "prec1": 0.6009673476219177, "rec0": 0.9481213688850403, "rec1": 0.5113168954849243, "auroc": 0.8886197591677164, "auprc": 0.6034564524739207, "minpse": 0.5606995884773662, "brier": 0.09874154860089304}