{"acc": 0.8086731433868408, "prec0": 0.855555534362793, "prec1": 0.6777030229568481, "rec0": 0.8811749219894409, "rec1": 0.6267942786216736, "auroc": 0.8605592145188801, "auprc": 0.7369447841863151, "minpse": 0.6622201048118151, "brier": 0.1371809986523846}