{"acc": 0.9776353240013123, "prec0": 0.9801124930381775, "prec1": 0.5476190447807312, "rec0": 0.9973482489585876, "rec1": 0.1369047611951828, "auroc": 0.9515759478948593, "auprc": 0.37610538236441826, "minpse": 0.4235294117647059, "brier": 0.05235089768938016}