{"acc": 0.955952525138855, "prec0": 0.9619948863983154, "prec1": 0.7882353067398071, "rec0": 0.9921317100524902, "rec1": 0.4276595711708069, "auroc": 0.9427553237992194, "auprc": 0.683770364928267, "minpse": 0.635593220338983, "brier": 0.033184293701453454}