{"acc": 0.9927724003791809, "prec0": 0.992905855178833, "prec1": 0.6666666865348816, "rec0": 0.9998626112937927, "rec1": 0.03703703731298447, "auroc": 0.9840917301420118, "auprc": 0.37119064863715223, "minpse": 0.4074074074074074, "brier": 0.04273805449840552}