{"acc": 0.8812218904495239, "prec0": 0.8995370268821716, "prec1": 0.7420867681503296, "rec0": 0.9636303782463074, "rec1": 0.492990642786026, "auroc": 0.9007586795067696, "auprc": 0.7129558778615106, "minpse": 0.6365758754863813, "brier": 0.08523639887133103}