{"acc": 0.9284058213233948, "prec0": 0.9393059611320496, "prec1": 0.7600896954536438, "rec0": 0.9837287068367004, "rec1": 0.4478203356266022, "auroc": 0.9264610994867049, "auprc": 0.6863420355327893, "minpse": 0.6120576671035387, "brier": 0.0530340775647688}