{"acc": 0.9611346125602722, "prec0": 0.9708060026168823, "prec1": 0.5632184147834778, "rec0": 0.9891830086708069, "rec1": 0.319218248128891, "auroc": 0.9201972941823345, "auprc": 0.46521157666801505, "minpse": 0.4855305466237942, "brier": 0.06206129128148781}