{"acc": 0.9232237935066223, "prec0": 0.9479045271873474, "prec1": 0.5553145408630371, "rec0": 0.9694895148277283, "rec1": 0.41693809628486633, "auroc": 0.9045198772696224, "auprc": 0.5333408158093677, "minpse": 0.5040650406504065, "brier": 0.08112140424852682}