{"acc": 0.907404899597168, "prec0": 0.9383082985877991, "prec1": 0.5643564462661743, "rec0": 0.959854006767273, "rec1": 0.45178335905075073, "auroc": 0.8975185374461232, "auprc": 0.5656150582827005, "minpse": 0.5284015852047557, "brier": 0.0885987381203756}