{"acc": 0.9811809659004211, "prec0": 0.9837319254875183, "prec1": 0.8510638475418091, "rec0": 0.9970405697822571, "rec1": 0.5063291192054749, "auroc": 0.9748541996679653, "auprc": 0.7428119974084196, "minpse": 0.6751054852320675, "brier": 0.015013833988154165}