{"acc": 0.941770076751709, "prec0": 0.958927571773529, "prec1": 0.5669782161712646, "rec0": 0.9797464609146118, "rec1": 0.38723403215408325, "auroc": 0.9084985475615464, "auprc": 0.5127605626709714, "minpse": 0.4873417721518987, "brier": 0.07237722422941795}