{"acc": 0.8607664108276367, "prec0": 0.9061389565467834, "prec1": 0.6150481104850769, "rec0": 0.92726069688797, "rec1": 0.5475077629089355, "auroc": 0.8742476421786974, "auprc": 0.6409062461708556, "minpse": 0.5973520249221184, "brier": 0.11318489308503774}