{"acc": 0.9079503417015076, "prec0": 0.9234435558319092, "prec1": 0.7399030923843384, "rec0": 0.9746895432472229, "rec1": 0.4711934030056, "auroc": 0.9145076446426689, "auprc": 0.6889818322498195, "minpse": 0.6262833675564682, "brier": 0.06729279895446276}