{"acc": 0.9995908737182617, "prec0": 0.9995880126953125, "prec1": 1.0, "rec0": 1.0, "rec1": 0.9444444179534912, "auroc": 1.0, "auprc": 0.9999999999999998, "minpse": 1.0, "brier": 0.0008900641188826973}