{"acc": 0.972726047039032, "prec0": 0.9766759872436523, "prec1": 0.8092485666275024, "rec0": 0.9953031539916992, "rec1": 0.4560260474681854, "auroc": 0.9603951261531157, "auprc": 0.7002010827989417, "minpse": 0.6461038961038961, "brier": 0.02112303065292856}