{"acc": 0.9474976062774658, "prec0": 0.9621437788009644, "prec1": 0.5785714387893677, "rec0": 0.9829084873199463, "rec1": 0.3776223659515381, "auroc": 0.9061545349204677, "auprc": 0.497248511738649, "minpse": 0.48951048951048953, "brier": 0.07004344776411355}