{"acc": 0.9907268285751343, "prec0": 0.991299569606781, "prec1": 0.945652186870575, "rec0": 0.999303936958313, "rec1": 0.5799999833106995, "auroc": 0.9916497285256856, "auprc": 0.8382832937188123, "minpse": 0.7333333333333333, "brier": 0.00773141119010663}