{"acc": 0.9686349630355835, "prec0": 0.9728443622589111, "prec1": 0.8095238208770752, "rec0": 0.9948468208312988, "rec1": 0.44092220067977905, "auroc": 0.9528806480808468, "auprc": 0.6885408221776136, "minpse": 0.6253602305475504, "brier": 0.02435363358201637}