{"acc": 0.945452094078064, "prec0": 0.9530201554298401, "prec1": 0.7848485112190247, "rec0": 0.9894737005233765, "rec1": 0.4404761791229248, "auroc": 0.935339606561676, "auprc": 0.6829580682570613, "minpse": 0.6241496598639455, "brier": 0.04153381505346772}