{"acc": 0.9764080047607422, "prec0": 0.9800530076026917, "prec1": 0.8170731663703918, "rec0": 0.9957482814788818, "rec1": 0.4837545156478882, "auroc": 0.9666305451181675, "auprc": 0.7179241546565842, "minpse": 0.6498194945848376, "brier": 0.01853658834205333}