{"acc": 0.9076776504516602, "prec0": 0.9238208532333374, "prec1": 0.7303921580314636, "rec0": 0.9741135835647583, "rec1": 0.4661105275154114, "auroc": 0.9162679590214811, "auprc": 0.6868426862271042, "minpse": 0.6256517205422315, "brier": 0.06668977527761343}