{"acc": 0.9120414853096008, "prec0": 0.9410632252693176, "prec1": 0.5741379261016846, "rec0": 0.9625871181488037, "rec1": 0.45554035902023315, "auroc": 0.8988272425841194, "auprc": 0.5638770071663218, "minpse": 0.5253077975376197, "brier": 0.08697443154512804}