{"acc": 0.8614482283592224, "prec0": 0.9070030450820923, "prec1": 0.6165217161178589, "rec0": 0.9270954132080078, "rec1": 0.5521807074546814, "auroc": 0.8754563587400713, "auprc": 0.6435559972109872, "minpse": 0.6, "brier": 0.11274524764641841}