{"acc": 0.9599072933197021, "prec0": 0.9649690389633179, "prec1": 0.800000011920929, "rec0": 0.9934820532798767, "rec1": 0.4195804297924042, "auroc": 0.9442119294378855, "auprc": 0.6732317076321709, "minpse": 0.6317016317016317, "brier": 0.030886193961259488}