{"acc": 0.9649529457092285, "prec0": 0.9728752374649048, "prec1": 0.5694444179534912, "rec0": 0.9912131428718567, "rec1": 0.29602888226509094, "auroc": 0.9259252437437068, "auprc": 0.4513129300697642, "minpse": 0.4659498207885305, "brier": 0.06002795865989323}