{"acc": 0.8907677531242371, "prec0": 0.9274428486824036, "prec1": 0.5970516204833984, "rec0": 0.9485409259796143, "rec1": 0.5067778825759888, "auroc": 0.8900610633723484, "auprc": 0.6024562474134402, "minpse": 0.559375, "brier": 0.09798229555551122}