{"acc": 0.9944088459014893, "prec0": 0.9944088459014893, "prec1": NaN, "rec0": 1.0, "rec1": 0.0, "auroc": 0.9850052847758319, "auprc": 0.3599022192678479, "minpse": 0.36585365853658536, "brier": 0.04166320462375684}