{"acc": 0.995090663433075, "prec0": 0.9955953359603882, "prec1": 0.9411764740943909, "rec0": 0.9994472861289978, "rec1": 0.6666666865348816, "auroc": 0.9974839942886096, "auprc": 0.9211999079138797, "minpse": 0.8556701030927835, "brier": 0.0038282890979882494}