{"acc": 0.9802263975143433, "prec0": 0.9817907810211182, "prec1": 0.5862069129943848, "rec0": 0.9983294010162354, "rec1": 0.1133333370089531, "auroc": 0.9577660216251334, "auprc": 0.3849370384884924, "minpse": 0.43506493506493504, "brier": 0.0507964210957959}