{"acc": 0.9318150877952576, "prec0": 0.9423021078109741, "prec1": 0.7655172348022461, "rec0": 0.9845501184463501, "rec1": 0.45554035902023315, "auroc": 0.9284820626009364, "auprc": 0.6883899558812713, "minpse": 0.612859097127223, "brier": 0.05107114522968428}