{"acc": 0.8819037079811096, "prec0": 0.9013473987579346, "prec1": 0.7385844588279724, "rec0": 0.9621425271034241, "rec1": 0.5038940906524658, "auroc": 0.9022355848833694, "auprc": 0.7172987104082191, "minpse": 0.6459143968871596, "brier": 0.0843795640162135}