{"acc": 0.8077185153961182, "prec0": 0.853704035282135, "prec1": 0.6828774213790894, "rec0": 0.8796385526657104, "rec1": 0.6322701573371887, "auroc": 0.8591350956104921, "auprc": 0.7422152906212448, "minpse": 0.6660412757973734, "brier": 0.13826574872315442}