{"acc": 0.9874539971351624, "prec0": 0.9877133369445801, "prec1": 0.75, "rec0": 0.9997236132621765, "rec1": 0.0625, "auroc": 0.9663808092671918, "auprc": 0.369143335612442, "minpse": 0.40625, "brier": 0.04647895973818863}