{"acc": 0.9278603792190552, "prec0": 0.9508268237113953, "prec1": 0.5671981573104858, "rec0": 0.9718309640884399, "rec1": 0.4234693944454193, "auroc": 0.9035324730336908, "auprc": 0.5310546475924464, "minpse": 0.5042444821731749, "brier": 0.07948697935492577}