{"acc": 0.921587347984314, "prec0": 0.9483416676521301, "prec1": 0.5703275799751282, "rec0": 0.9666417241096497, "rec1": 0.45679011940956116, "auroc": 0.9015660636952086, "auprc": 0.5640743220026243, "minpse": 0.5266362252663622, "brier": 0.0817386151760493}