{"acc": 0.8838129043579102, "prec0": 0.9018604755401611, "prec1": 0.7519818544387817, "rec0": 0.9637176990509033, "rec1": 0.511950671672821, "auroc": 0.9062756588201453, "auprc": 0.7282399399601674, "minpse": 0.6466973886328725, "brier": 0.083577061763537}