{"acc": 0.8641756176948547, "prec0": 0.9089581370353699, "prec1": 0.6285226345062256, "rec0": 0.9279323816299438, "rec1": 0.5674633979797363, "auroc": 0.8795166548894757, "auprc": 0.6570518953167768, "minpse": 0.6033690658499234, "brier": 0.11173935751851265}