{"acc": 0.9729987978935242, "prec0": 0.977333128452301, "prec1": 0.8064516186714172, "rec0": 0.994872510433197, "rec1": 0.48076921701431274, "auroc": 0.9681199076762387, "auprc": 0.7247708045540027, "minpse": 0.6602564102564102, "brier": 0.020390792853582734}