{"acc": 0.9762716293334961, "prec0": 0.9797855019569397, "prec1": 0.5573770403862, "rec0": 0.9962248206138611, "rec1": 0.18784530460834503, "auroc": 0.9554488486781119, "auprc": 0.40369104815041884, "minpse": 0.430939226519337, "brier": 0.05307790807529537}