{"acc": 0.8962225317955017, "prec0": 0.9341399669647217, "prec1": 0.5883084535598755, "rec0": 0.9485225677490234, "rec1": 0.523809552192688, "auroc": 0.8981840383446228, "auprc": 0.6091066350598244, "minpse": 0.5630530973451328, "brier": 0.09419545156700457}