{"acc": 0.9170871376991272, "prec0": 0.9315149784088135, "prec1": 0.7512776851654053, "rec0": 0.9772939085960388, "rec1": 0.4883720874786377, "auroc": 0.9256921373200443, "auprc": 0.7043080695788069, "minpse": 0.6290143964562569, "brier": 0.06093725902878435}