{"acc": 0.989226758480072, "prec0": 0.989220917224884, "prec1": 1.0, "rec0": 1.0, "rec1": 0.048192769289016724, "auroc": 0.9704312422102201, "auprc": 0.37250135350340463, "minpse": 0.40963855421686746, "brier": 0.04540710686923214}