{"acc": 0.8891313076019287, "prec0": 0.8894197940826416, "prec1": 0.625, "rec0": 0.9995397329330444, "rec1": 0.0061349691823124886, "auroc": 0.6500177893403261, "auprc": 0.20371857366973517, "minpse": 0.23859649122807017, "brier": 0.11722129601758464}