{"acc": 0.8056730031967163, "prec0": 0.847943127155304, "prec1": 0.7024871110916138, "rec0": 0.874330997467041, "rec1": 0.6542832255363464, "auroc": 0.860204228378163, "auprc": 0.761834997285105, "minpse": 0.6819571865443425, "brier": 0.1402281198726014}