{"acc": 0.9522705674171448, "prec0": 0.965634286403656, "prec1": 0.5916030406951904, "rec0": 0.9845710396766663, "rec1": 0.38944724202156067, "auroc": 0.9157246216663708, "auprc": 0.5024746823413979, "minpse": 0.49748743718592964, "brier": 0.06757475107284226}