{"acc": 0.9979544281959534, "prec0": 0.9979544281959534, "prec1": NaN, "rec0": 1.0, "rec1": 0.0, "auroc": 0.9955543408945978, "auprc": 0.37656508264973926, "minpse": 0.3333333333333333, "brier": 0.0392315044182025}