{"acc": 0.9698622822761536, "prec0": 0.9757819175720215, "prec1": 0.5700934529304504, "rec0": 0.9935184121131897, "rec1": 0.25847458839416504, "auroc": 0.9393071314448931, "auprc": 0.4338104394521797, "minpse": 0.453781512605042, "brier": 0.056955866958609276}