{"acc": 0.9277240037918091, "prec0": 0.9279574155807495, "prec1": 0.5, "rec0": 0.9997060298919678, "rec1": 0.0037735849618911743, "auroc": 0.690715250486051, "auprc": 0.15427061108851187, "minpse": 0.19622641509433963, "brier": 0.09151694564139576}