{"acc": 0.9611346125602722, "prec0": 0.9711807370185852, "prec1": 0.5729729533195496, "rec0": 0.9887480139732361, "rec1": 0.33974358439445496, "auroc": 0.9291470825618382, "auprc": 0.4631252754060737, "minpse": 0.4935897435897436, "brier": 0.06207241801103878}