{"acc": 0.9519978165626526, "prec0": 0.9583806991577148, "prec1": 0.7986348271369934, "rec0": 0.991331160068512, "rec1": 0.4440227746963501, "auroc": 0.9398895159478102, "auprc": 0.6860616533067945, "minpse": 0.618595825426945, "brier": 0.03708361320145365}