{"acc": 0.9068593978881836, "prec0": 0.9211309552192688, "prec1": 0.7504078149795532, "rec0": 0.975878894329071, "rec1": 0.46464645862579346, "auroc": 0.9130980305976365, "auprc": 0.6859119218938671, "minpse": 0.6215139442231076, "brier": 0.0688152169973302}