{"acc": 0.8397654294967651, "prec0": 0.861332893371582, "prec1": 0.7606620192527771, "rec0": 0.9295748472213745, "rec1": 0.5992978811264038, "auroc": 0.888403645098998, "auprc": 0.7757439773836767, "minpse": 0.6922305764411028, "brier": 0.1140745418872434}