{"acc": 0.9442247152328491, "prec0": 0.9605637788772583, "prec1": 0.5728155374526978, "rec0": 0.9808111786842346, "rec1": 0.3898678421974182, "auroc": 0.9100099069312017, "auprc": 0.5082634220800359, "minpse": 0.4857142857142857, "brier": 0.07143499683869696}