{"acc": 0.9664530158042908, "prec0": 0.9712240099906921, "prec1": 0.8038277626037598, "rec0": 0.9941092133522034, "rec1": 0.4504021406173706, "auroc": 0.9553264922498534, "auprc": 0.6902435188662596, "minpse": 0.6327077747989276, "brier": 0.025974559003341648}