{"acc": 0.9903177618980408, "prec0": 0.9908801913261414, "prec1": 0.9479166865348816, "rec0": 0.9993032217025757, "rec1": 0.5796178579330444, "auroc": 0.9900624161216796, "auprc": 0.8326181385399737, "minpse": 0.7515923566878981, "brier": 0.008193220350351619}