{"acc": 0.9262239336967468, "prec0": 0.9378102421760559, "prec1": 0.761904776096344, "rec0": 0.9824132323265076, "rec1": 0.4634760618209839, "auroc": 0.9250517048840459, "auprc": 0.6869351775076478, "minpse": 0.620125786163522, "brier": 0.05538287776548092}