{"acc": 0.7828992009162903, "prec0": 0.7792327404022217, "prec1": 0.7882550358772278, "rec0": 0.843151867389679, "rec1": 0.7096676826477051, "auroc": 0.8632342880401438, "auprc": 0.8524908336994506, "minpse": 0.7583710407239819, "brier": 0.14850317520227851}