{"acc": 0.9963180422782898, "prec0": 0.9962912201881409, "prec1": 1.0, "rec0": 1.0, "rec1": 0.6625000238418579, "auroc": 0.9986247070177858, "auprc": 0.9473309388504909, "minpse": 0.8625, "brier": 0.003043931819781852}