{"acc": 0.9376789927482605, "prec0": 0.9379781484603882, "prec1": 0.7692307829856873, "rec0": 0.9995632767677307, "rec1": 0.021551724523305893, "auroc": 0.777957941978203, "auprc": 0.2578762216683824, "minpse": 0.28448275862068967, "brier": 0.05332358407753291}