{"acc": 0.8415382504463196, "prec0": 0.6726342439651489, "prec1": 0.8617004752159119, "rec0": 0.36731842160224915, "rec1": 0.956617534160614, "auroc": 0.8558751996394891, "auprc": 0.959518234737942, "minpse": 0.8944604438421142, "brier": 0.11110598538459687}