{"acc": 0.9687712788581848, "prec0": 0.9727577567100525, "prec1": 0.8057143092155457, "rec0": 0.995140790939331, "rec1": 0.4196428656578064, "auroc": 0.9545893818439195, "auprc": 0.6807417408793672, "minpse": 0.6220238095238095, "brier": 0.023897900227058417}