{"acc": 0.7906723022460938, "prec0": 0.7973785996437073, "prec1": 0.7790220379829407, "rec0": 0.8624215722084045, "rec1": 0.6887788772583008, "auroc": 0.8661797855360716, "auprc": 0.8318098955027337, "minpse": 0.7485978225008248, "brier": 0.14505459499572249}