{"acc": 0.9885449409484863, "prec0": 0.988806962966919, "prec1": 0.7142857313156128, "rec0": 0.9997239708900452, "rec1": 0.05747126415371895, "auroc": 0.971894124701381, "auprc": 0.3614147457051698, "minpse": 0.40229885057471265, "brier": 0.045704082799103075}