{"acc": 0.9834992289543152, "prec0": 0.9857063293457031, "prec1": 0.8582677245140076, "rec0": 0.9974722862243652, "rec1": 0.5141509175300598, "auroc": 0.9794979240248745, "auprc": 0.7552745544621154, "minpse": 0.6837209302325581, "brier": 0.013182960279853748}