{"acc": 0.9729987978935242, "prec0": 0.9776459336280823, "prec1": 0.5813953280448914, "rec0": 0.9949445128440857, "rec1": 0.2358490526676178, "auroc": 0.9387646954397437, "auprc": 0.4165274864494527, "minpse": 0.4485981308411215, "brier": 0.05541952325137225}