{"acc": 0.7678985595703125, "prec0": 0.7817984819412231, "prec1": 0.7442972660064697, "rec0": 0.8384847640991211, "rec1": 0.6676567792892456, "auroc": 0.8418964741001174, "auprc": 0.8042622146192726, "minpse": 0.7138613861386138, "brier": 0.15881585731864523}