{"acc": 0.9412245750427246, "prec0": 0.9411443471908569, "prec1": 1.0, "rec0": 1.0, "rec1": 0.022675737738609314, "auroc": 0.7913509764517145, "auprc": 0.2550748429273605, "minpse": 0.29024943310657597, "brier": 0.0507343781876786}