{"acc": 0.8825855851173401, "prec0": 0.9006489515304565, "prec1": 0.7468060255050659, "rec0": 0.9639490842819214, "rec1": 0.5, "auroc": 0.9007436820077872, "auprc": 0.7131586475272467, "minpse": 0.6426356589147287, "brier": 0.08526748511297136}