{"acc": 0.9056320786476135, "prec0": 0.9218260645866394, "prec1": 0.7333333492279053, "rec0": 0.9735308289527893, "rec1": 0.4685598313808441, "auroc": 0.9140994243978486, "auprc": 0.6874268400657936, "minpse": 0.6267748478701826, "brier": 0.06837918521548265}