{"acc": 0.9129960536956787, "prec0": 0.9133169054985046, "prec1": 0.7894737124443054, "rec0": 0.9994015693664551, "rec1": 0.023112481459975243, "auroc": 0.743388530344986, "auprc": 0.2579495153130398, "minpse": 0.2896764252696456, "brier": 0.07389043590235235}