{"acc": 0.9472248554229736, "prec0": 0.9504950642585754, "prec1": 0.8024691343307495, "rec0": 0.9953271150588989, "rec1": 0.2680412232875824, "auroc": 0.9483810458618365, "auprc": 0.6324971185414273, "minpse": 0.6, "brier": 0.03709844713904963}