{"acc": 0.9769535064697266, "prec0": 0.9775557518005371, "prec1": 0.807692289352417, "rec0": 0.999300479888916, "rec1": 0.1135135143995285, "auroc": 0.9770489571832605, "auprc": 0.6200055853609254, "minpse": 0.6076555023923444, "brier": 0.015293889387396882}