{"acc": 0.9911359548568726, "prec0": 0.9915404319763184, "prec1": 0.25, "rec0": 0.99958735704422, "rec1": 0.01587301678955555, "auroc": 0.9918375144647498, "auprc": 0.5423354673062011, "minpse": 0.6031746031746031, "brier": 0.006193993489315771}