{"acc": 0.9609982371330261, "prec0": 0.9612849950790405, "prec1": 0.918367326259613, "rec0": 0.9994290471076965, "rec1": 0.1376146823167801, "auroc": 0.9698764099971979, "auprc": 0.6471785819997001, "minpse": 0.6238532110091743, "brier": 0.02627809943371841}