{"acc": 0.9447702169418335, "prec0": 0.9455123543739319, "prec1": 0.8921568393707275, "rec0": 0.998393714427948, "rec1": 0.1876288652420044, "auroc": 0.9557125566046826, "auprc": 0.6714394983526047, "minpse": 0.643298969072165, "brier": 0.03722787540553709}