{"acc": 0.8936315178871155, "prec0": 0.8942911624908447, "prec1": 0.4545454680919647, "rec0": 0.9990845322608948, "rec1": 0.006418485194444656, "auroc": 0.7614151888350871, "auprc": 0.3054376211302057, "minpse": 0.337612323491656, "brier": 0.08859945240497798}