{"acc": 0.8798581957817078, "prec0": 0.8827270269393921, "prec1": 0.8458844423294067, "rec0": 0.9854713678359985, "rec1": 0.3785266578197479, "auroc": 0.9159107211894525, "auprc": 0.7298004256175318, "minpse": 0.6684952978056427, "brier": 0.08380010740661174}