{"acc": 0.9618164300918579, "prec0": 0.9623315930366516, "prec1": 0.8983050584793091, "rec0": 0.9991436004638672, "rec1": 0.16207951307296753, "auroc": 0.9658436063103621, "auprc": 0.6296039144491777, "minpse": 0.617737003058104, "brier": 0.026451893368867375}