{"acc": 0.8341742753982544, "prec0": 0.8395847082138062, "prec1": 0.8104335069656372, "rec0": 0.9510622024536133, "rec1": 0.5351771116256714, "auroc": 0.893813424984115, "auprc": 0.7900145511959976, "minpse": 0.7151868025230471, "brier": 0.11502487451024998}