{"acc": 0.9633165001869202, "prec0": 0.9660993218421936, "prec1": 0.7735849022865295, "rec0": 0.996574342250824, "rec1": 0.25076451897621155, "auroc": 0.962784629339116, "auprc": 0.5725162784186301, "minpse": 0.5963302752293578, "brier": 0.0266432015001944}