{"acc": 0.8934951424598694, "prec0": 0.8938463926315308, "prec1": 0.25, "rec0": 0.999542236328125, "rec1": 0.00128369708545506, "auroc": 0.7845926387005868, "auprc": 0.34517399093834916, "minpse": 0.35668789808917195, "brier": 0.08759254304747074}