{"acc": 0.8378562927246094, "prec0": 0.8527734279632568, "prec1": 0.7820181250572205, "rec0": 0.9360774159431458, "rec1": 0.5866084694862366, "auroc": 0.8937111295914664, "auprc": 0.7859409539213592, "minpse": 0.7142163998059194, "brier": 0.11449738533151883}