{"acc": 0.9202236533164978, "prec0": 0.9230116009712219, "prec1": 0.846441924571991, "rec0": 0.9937528371810913, "rec1": 0.2935065031051636, "auroc": 0.9411621823247606, "auprc": 0.6869263646222826, "minpse": 0.6317829457364341, "brier": 0.05500125463754915}