{"acc": 0.9671348929405212, "prec0": 0.9676933884620667, "prec1": 0.8214285969734192, "rec0": 0.9992932081222534, "rec1": 0.08880309015512466, "auroc": 0.972752468935675, "auprc": 0.5704097927108368, "minpse": 0.5538461538461539, "brier": 0.022191186681936433}