{"acc": 0.9664530158042908, "prec0": 0.9670314788818359, "prec1": 0.782608687877655, "rec0": 0.9992932081222534, "rec1": 0.06949806958436966, "auroc": 0.9755540709739182, "auprc": 0.6400186903747604, "minpse": 0.6177606177606177, "brier": 0.02204431846267897}