{"acc": 0.9676803350448608, "prec0": 0.9683518409729004, "prec1": 0.8235294222831726, "rec0": 0.9991518259048462, "rec1": 0.10810811072587967, "auroc": 0.9751605476796316, "auprc": 0.6230234902114399, "minpse": 0.6038461538461538, "brier": 0.020979575800785296}