{"acc": 0.9341333508491516, "prec0": 0.9388129115104675, "prec1": 0.7958333492279053, "rec0": 0.9926952719688416, "rec1": 0.30559998750686646, "auroc": 0.9482143112701252, "auprc": 0.6455063968112962, "minpse": 0.6028708133971292, "brier": 0.046456240680251684}