{"acc": 0.9251329898834229, "prec0": 0.9290810227394104, "prec1": 0.8399999737739563, "rec0": 0.9920768141746521, "rec1": 0.3545454442501068, "auroc": 0.9388569528901693, "auprc": 0.6812786239869412, "minpse": 0.625158831003812, "brier": 0.054139196377510766}