{"acc": 0.9060412049293518, "prec0": 0.9101969599723816, "prec1": 0.8391608595848083, "rec0": 0.9891389608383179, "rec1": 0.36734694242477417, "auroc": 0.9343087951377623, "auprc": 0.7146948567942922, "minpse": 0.6632756866734486, "brier": 0.06577845931067018}