{"acc": 0.8806763887405396, "prec0": 0.8897413015365601, "prec1": 0.7927007079124451, "rec0": 0.9765560626983643, "rec1": 0.42554858326911926, "auroc": 0.9124884909969707, "auprc": 0.7132570931886825, "minpse": 0.6624902114330462, "brier": 0.08363102993088657}