{"acc": 0.9342697262763977, "prec0": 0.9385742545127869, "prec1": 0.8042553067207336, "rec0": 0.9931425452232361, "rec1": 0.30239999294281006, "auroc": 0.9525066189624329, "auprc": 0.6831974027599742, "minpse": 0.6230283911671924, "brier": 0.0447546991926769}