{"acc": 0.9743624925613403, "prec0": 0.9747612476348877, "prec1": 0.0, "rec0": 0.9995803236961365, "rec1": 0.0, "auroc": 0.972472738547165, "auprc": 0.6093554165282867, "minpse": 0.6243386243386243, "brier": 0.016258179343603442}