{"acc": 0.9469521045684814, "prec0": 0.9493529796600342, "prec1": 0.8287671208381653, "rec0": 0.9963492751121521, "rec1": 0.24948453903198242, "auroc": 0.9504091795934099, "auprc": 0.6216235100010866, "minpse": 0.5955284552845529, "brier": 0.037828096180249175}