{"acc": 0.9915450811386108, "prec0": 0.9919465184211731, "prec1": 0.5714285969734192, "rec0": 0.99958735704422, "rec1": 0.0634920671582222, "auroc": 0.9937927119495208, "auprc": 0.5253979310176836, "minpse": 0.5555555555555556, "brier": 0.005963090436178139}