{"acc": 0.9334515333175659, "prec0": 0.9379048347473145, "prec1": 0.7965368032455444, "rec0": 0.9929934144020081, "rec1": 0.29440000653266907, "auroc": 0.9490943351222421, "auprc": 0.6596129241278398, "minpse": 0.6176, "brier": 0.04619152520648581}