{"acc": 0.9909995794296265, "prec0": 0.9915392994880676, "prec1": 0.20000000298023224, "rec0": 0.9994497895240784, "rec1": 0.01587301678955555, "auroc": 0.9951365690705444, "auprc": 0.5690512564874725, "minpse": 0.6060606060606061, "brier": 0.005979803535083704}