{"acc": 0.9754534363746643, "prec0": 0.9760863780975342, "prec1": 0.6666666865348816, "rec0": 0.999300479888916, "rec1": 0.054054055362939835, "auroc": 0.9765128026739667, "auprc": 0.5478573711259404, "minpse": 0.5243243243243243, "brier": 0.01679912742390351}